id,name,subtitle,category,subcategory,keywords,pantry_min_days,pantry_max_days,pantry_open_min_days,pantry_open_max_days,fridge_min_days,fridge_max_days,fridge_open_min_days,fridge_open_max_days,freezer_min_days,freezer_max_days,tips,metric_notes
2,Buttermilk,,Dairy Products & Eggs,,Buttermilk,,,,,7,14,,,90,90,,
3,Cheese,"Hard Such As Cheddar, Swiss, Block Parmesan",Dairy Products & Eggs,,"Cheese,cheddar, swiss,parmesan",,,,,180,180,21,28,180,180,,
4,Cheese,Parmesan; Shredded Or Grated,Dairy Products & Eggs,,"Cheese,parmesan,shredded,grated",,,,,360,360,,,,,,
5,Cheese,"Shredded; Cheddar, Mozzarella, Etc.",Dairy Products & Eggs,,"Cheese,shredded,cheddar,mozzarella",,,,,30,30,,,90,120,,
6,Cheese,Processed Slices,Dairy Products & Eggs,,"Cheese,processed slices,slices,slice",,,,,21,28,,,,,,
7,Cheese,"Soft Such As Brie, Bel Paese, Goat",Dairy Products & Eggs,,"Cheese,brie, bel paese, goat",,,,,7,14,,,180,180,,
8,Coffee Creamer,Liquid Refrigerated,Dairy Products & Eggs,,"Coffee creamer,Coffee, creamer,liquid refrigerated",,,,,21,21,,,,,,
9,Cottage Cheese,,Dairy Products & Eggs,,"Cottage cheese,cheese",,,,,14,14,7,7,,,,
10,Cream Cheese,,Dairy Products & Eggs,,,,,,,14,14,,,,,,
11,Cream,"Whipping, Ultrapasteurized",Dairy Products & Eggs,,"Cream,whipping,ultrapasteurized",,,,,30,30,7,7,,,,
12,Cream,"Whipped, Sweetened",Dairy Products & Eggs,,"Cream,whipped, sweetened",,,,,1,1,,,30,60,,
13,Cream,Half And Half,Dairy Products & Eggs,,"Cream,half",,,,,3,4,,,120,120,,
14,Cream,Heavy,Dairy Products & Eggs,,"Cream,heavy",,,,,10,10,,,90,120,,
15,Cream,Light,Dairy Products & Eggs,,"Cream,light",,,,,7,7,,,90,120,Use for cooking.,
16,Dips,Sour Cream Based,Dairy Products & Eggs,,"Dips,sour cream based,sour,cream based,cream,dip",,,,,14,14,,,,,,
17,Egg Substitutes,Liquid,Dairy Products & Eggs,,"Egg substitutes,liquid,egg,substitutes,substitute",,,,,7,7,3,3,,,,
20,Eggnog,Commercial,Dairy Products & Eggs,,"Eggnog,commercial,egg,nog",,,,,3,5,,,180,180,,
21,Eggs,In Shell,Dairy Products & Eggs,,"Eggs,in shell,egg,shell",,,,,21,35,,,,,,
22,Eggs,"Raw Whites, Yolks",Dairy Products & Eggs,,"Eggs,raw whites, yolks,egg,whites",,,,,2,4,,,360,360,,
23,Eggs,Hard Boiled Cooked,Dairy Products & Eggs,,"Eggs,egg,hard boiled cooked,boiled,hard boiled",,,,,7,7,,,,,,
24,Egg Dishes,,Dairy Products & Eggs,,"Egg dishes,egg,dishes",,,,,3,4,,,60,90,Freezing guidance applies to egg dishes after baking.,
25,Kefir,Fermented Milk,Dairy Products & Eggs,,"Kefir,fermented milk,milk,fermented",,,,,7,7,1,2,,,,
26,Margarine,,Dairy Products & Eggs,,Margarine,,,,,180,180,,,360,360,,
27,Milk,Plain Or Flavored,Dairy Products & Eggs,,"Milk,plain,flavored,flavor",,,,,,,,,90,90,,
28,Pudding,,Dairy Products & Eggs,,Pudding,,,,,,,2,2,,,,
29,Sour Cream,,Dairy Products & Eggs,,"Sour cream,cream,sour",,,,,,,,,,,,
30,Whipped Cream,Aerosol Can,Dairy Products & Eggs,,"Whipped cream,cream,aerosol can,can",,,,,21,28,,,,,,
31,Whipped Topping,Aerosol Can,Dairy Products & Eggs,,"Whipped topping,topping,aerosol can,can,whipped",,,,,90,90,,,,,,
32,Whipped Topping,Tub,Dairy Products & Eggs,,"Whipped topping,topping,tub,whipped",,,,,14,14,,,420,420,,
33,Yogurt,,Dairy Products & Eggs,,Yogurt,,,,,7,14,,,30,60,,
34,Beef,"Rib Roast, Bone-in",Meat,Fresh,"Beef,rib roast,bone-in,roast,bone,rib",,,,,3,5,,,120,360,,
35,Beef,"Rib Roast; Boneless, Rolled",Meat,Fresh,"Beef,rib roast,boneless,rolled,roast,rib",,,,,3,5,,,120,360,,
36,Beef,Round Or Rump Roast,Meat,Fresh,"Beef,round,rump roast,roast",,,,,3,5,,,120,360,,
37,Beef,"Tenderloin, Whole",Meat,Fresh,"Beef,tenderloin,whole",,,,,3,5,,,120,360,,
38,Beef,"Tenderloin, Half",Meat,Fresh,"Beef,tenderloin,half",,,,,3,5,,,120,360,,
39,Beef,"Chuck Roast, Brisket",Meat,Fresh,"Beef,chuck roast,roast,brisket",,,,,3,5,,,120,360,,
40,Beef,Steaks,Meat,Fresh,"Beef,steaks,steak",,,,,3,5,,,120,360,,
41,Beef,"Stew, Cubes",Meat,Fresh,"Beef,stew, cubes,cube",,,,,3,5,,,120,360,,
42,Beef,Short Ribs,Meat,Fresh,"Beef,short ribs,ribs,rib",,,,,3,5,,,120,360,,
43,Beef,Ground,Meat,Fresh,"Beef,ground",,,,,1,2,,,90,120,,
44,Lamb,"Leg, Bone-in - Small",Meat,Fresh,"Lamb,leg,bone-in - small,bone-in,bone",,,,,3,5,,,120,360,,
45,Lamb,"Leg, Bone-in - Large",Meat,Fresh,"Lamb,leg,bone-in - large,bone-in,bone",,,,,3,5,,,120,360,,
46,Lamb,"Leg; Boneless, Rolled",Meat,Fresh,"Lamb,leg,boneless,rolled,bone",,,,,3,5,,,120,360,,
47,Lamb,Crown Roast,Meat,Fresh,"Lamb,crown roast,roast",,,,,3,5,,,120,360,,
48,Lamb,Shoulder Roast Or Shank Leg Half,Meat,Fresh,"Lamb,shoulder roast,roast,shoulder,shank leg half,half,shank,shank leg,leg",,,,,3,5,,,120,360,,
49,Lamb,Cubes For Kabobs,Meat,Fresh,"Lamb,cubes,kabobs,cube,kabob",,,,,3,5,,,120,360,,
50,Lamb,Ground,Meat,Fresh,"Lamb,ground",,,,,1,2,,,90,120,,
51,Lamb,"Chops, Ribs, Or Loin",Meat,Fresh,"Lamb,chops,ribs,loin,rib",,,,,3,5,,,120,360,,
52,Lamb,Leg Steaks,Meat,Fresh,"Lamb,leg steaks,steaks,steak,leg",,,,,3,5,,,120,360,,
53,Lamb,"Stew Meat, Pieces",Meat,Fresh,"Lamb,stew,pieces,stew meat,meat,piece",,,,,3,5,,,120,360,,
54,Lamb,Shanks,Meat,Fresh,"Lamb,shanks,shank",,,,,3,5,,,120,360,,
55,Lamb,"Breast, Rolled",Meat,Fresh,"Lamb,breast,rolled",,,,,3,5,,,120,360,,
56,Veal,"Shoulder Roast, Boneless",Meat,Fresh,"Veal,shoulder,boneless,shoulder roast,roast",,,,,3,5,,,120,360,,
57,Veal,"Leg Rump Or Round Roast, Boneless",Meat,Fresh,"Veal,leg rump,rump,leg,round,round roast,roast,boneless",,,,,3,5,,,120,360,,
58,Veal,"Loin Roast, Bone-in",Meat,Fresh,"Veal,loin roast,bone-in,roast,bone,loin",,,,,3,5,,,120,360,,
59,Veal,Ground,Meat,Fresh,"Veal,ground",,,,,1,2,,,90,120,,
60,Pork,"Loin Roast, Bone-in",Meat,Fresh,"Pork,loin roast,bone-in,roast,bone,loin",,,,,3,5,,,120,360,,
61,Pork,"Loin Roast, Boneless",Meat,Fresh,"Pork,loin,boneless,loin roast,roast",,,,,3,5,,,120,360,,
63,Pork,"Loin Chops, Bone-in",Meat,Fresh,"Pork,loin chops,bone-in,chops,bone,loin",,,,,3,5,,,120,360,,
64,Pork,"Loin Chops, Boneless",Meat,Fresh,"Pork,loin,boneless,loin chops,chops",,,,,3,5,,,120,360,,
65,Pork,Crown Roast - Small,Meat,Fresh,"Pork,roast,crown,crown roast - small,small,crown roast",,,,,3,5,,,120,360,,
66,Pork,Crown Roast - Large,Meat,Fresh,"Pork,roast,crown,crown roast - large,large,crown roast",,,,,3,5,,,120,360,,
67,Pork,Tenderloin,Meat,Fresh,"Pork,tenderloin",,,,,3,5,,,120,360,,
69,Pork,Tenderloin Medallions Or Loin Cubes,Meat,Fresh,"Pork,tenderloin,tenderloin medallions,loin cubes,medallion,loin cube,loin,medallions,cube,cubes",,,,,3,5,,,120,360,,
70,Goat,"Tender Whole Cuts (legs, Ribs, Shoulder, Loin)",Meat,Fresh,"Goat,tender whole cuts,legs,ribs,shoulder,loin,tender,whole cuts,leg,rib",,,,,3,5,,,120,360,,
71,Goat,"Less Tender Whole Cuts (stew Meat, Riblets, Shanks)",Meat,Fresh,"Goat,less tender whole cuts,stew meat,stew,meat,riblets,shanks,whole cuts,tender,less tender",,,,,3,5,,,120,360,,
72,Pork,Ribs,Meat,Fresh,"Pork,ribs,rib",,,,,3,5,,,120,360,,
73,Pork,Ground,Meat,Fresh,"Pork,ground",,,,,1,2,,,90,120,,
74,Pork,Shoulder,Meat,Fresh,"Pork,shoulder",,,,,3,5,,,120,360,,
75,Pork,"Loin, Cubes",Meat,Fresh,"Pork,loin,cubes,cube",,,,,3,5,,,120,360,,
76,Venison,"Round, Rump, Loin, Or Rib Roast",Meat,Fresh,"Venison,rump,round,loin,rib,rib roast,roast",,,,,3,5,,,120,360,,
77,Variety Meats,"Liver, Tongue, Chitterlings, Etc.",Meat,Fresh,"Variety meats,liver,tongue,chitterlings,meats,meat,chitterling",,,,,1,2,,,90,120,,
78,Goat,Ground,Meat,Fresh,"Goat,ground",,,,,1,2,,,90,120,,
79,Bacon,,Meat,Smoked or Processed,Bacon,,,,,7,7,7,7,30,30,,
81,Corned Beef,In Pouch With Pickling Juices,Meat,Smoked or Processed,"Corned beef,pouch,pickling juices,juices,juice",,,,,5,7,,,30,30,,
82,Ham,Canned (“keep Refrigerated” Label),Meat,Smoked or Processed,"Ham,canned,keep refrigerated,label,refrigerated",,,,,180,270,,,,,,
83,Ham,"Fully Cooked, Bone-in, Whole",Meat,Smoked or Processed,"Ham,fully cooked,bone-in,whole,cooked,bone",,,,,7,7,,,30,60,,
84,Ham,"Fully Cooked, Bone-in, Half",Meat,Smoked or Processed,"Ham,fully cooked,bone-in,half,cooked,bone",,,,,7,7,,,30,60,,
85,Ham,"Fully Cooked, Slices, Half, Or Spiral Cut",Meat,Smoked or Processed,"Ham,fully cooked,slices,half,spiral cut,cooked,slice",,,,,3,4,,,30,60,,
86,Ham,"Fully Cooked, Arm Picnic Shoulder, Boneless",Meat,Smoked or Processed,"Ham,fully cooked,cooked,arm picnic shoulder,boneless,shoulder,arm picnic",,,,,7,7,,,30,60,,
87,Ham,"Fully Cooked, Canned, Boneless (refrigerated)",Meat,Smoked or Processed,"Ham,fully cooked,cooked,canned,boneless,refrigerated",,,,,180,270,3,5,30,60,,
88,Ham,"Fully Cooked, Vacuum Packed, Boneless",Meat,Smoked or Processed,"Ham,fully cooked,cooked,vacuum packed,boneless",,,,,14,14,,,30,60,,
89,Ham,"Fresh, Cook-before-eating, Bone-in, Whole",Meat,Smoked or Processed,"Ham,fresh,cook-before-eating,bone-in,whole,bone",,,,,7,7,,,30,60,,
90,Ham,"Fresh, Cook-before-eating, Bone-in, Half",Meat,Smoked or Processed,"Ham,fresh,cook-before-eating,bone-in,half,bone",,,,,7,7,,,30,60,,
91,Ham,"Fresh, Cook-before-eating, Shank Or Butt Portion, Bone-in",Meat,Smoked or Processed,"Ham,fresh,cook-before-eating,shank,butt portion,bone-in,bone",,,,,7,7,,,30,60,,
92,Ham,"Fresh, Cook-before-eating, Arm Picnic Shoulder, Boneless",Meat,Smoked or Processed,"Ham,fresh,cook-before-eating,before-eating,arm picnic shoulder,boneless,arm picnic,shoulder",,,,,7,7,,,30,60,,
93,Ham,"Fresh, Cook-before-eating, Shoulder Roll (butt), Boneless",Meat,Smoked or Processed,"Ham,fresh,cook-before-eating,before-eating,shoulder roll,butt,boneless,roll",,,,,7,7,,,30,60,,
94,Ham,"Fresh, Uncooked, Whole Leg, Bone-in",Meat,Smoked or Processed,"Ham,fresh,uncooked,whole leg,bone-in,cooked,leg,bone",,,,,7,7,,,30,60,,
95,Ham,"Fresh, Uncooked, Whole Leg, Boneless",Meat,Smoked or Processed,"Ham,fresh,uncooked,whole leg,boneless,cooked,leg,bone",,,,,7,7,,,30,60,,
96,Ham,"Fresh, Uncooked, Half Leg, Bone-in",Meat,Smoked or Processed,"Ham,fresh,uncooked,half leg,bone-in,bone,leg,cooked",,,,,7,7,,,30,60,,
97,Ham,Country Ham (whole Or Half),Meat,Smoked or Processed,"Ham,country ham,whole,half",,,,,7,7,,,30,60,,
98,Hot Dogs,,Meat,Smoked or Processed,"Hot dogs,hot",,,,,14,14,7,7,30,60,,
102,Sausage,Raw Bulk Type Or Patties,Meat,Smoked or Processed,"Sausage,raw bulk type,patties,raw,patty",,,,,1,2,,,30,60,,
103,Sausage,"Fully Cooked Smoked Links, Kielbasa",Meat,Smoked or Processed,"Sausage,fully cooked smoked links,kielbasa,smoked links,links,fully cooked,link",,,,,7,7,,,30,60,,
104,Sausage,"Hard, Dry (pepperoni), Sliced",Meat,Smoked or Processed,"Sausage,hard,dry,pepperoni,sliced,slice,dry pepperoni",,,,,14,21,,,30,60,,
105,"Stuffed, Raw Pork Chops",,Meat,Stuffed or Assembled,"Stuffed,raw pork chops,chops,raw pork,pork",,,,,1,2,,,270,270,,
106,Raw Kabobs With Vegetables,,Meat,Stuffed or Assembled,"Raw kabobs,vegetables,kabobs,kabob",,,,,1,2,,,90,120,,
107,Bacon,Fully Cooked,Meat,Shelf Stable Foods,"Bacon,fully cooked,cooked",180,180,,,,,5,14,,,,
108,Ham,Shelf-stable Cans,Meat,Shelf Stable Foods,"Ham,shelf stable cans,cans,shelf stable,shelf,stable,can",180,270,,,,,5,14,,,,
109,Jerky,Commercially Dried,Meat,Shelf Stable Foods,"Jerky,commercially dried,dried",360,360,,,,,60,90,,,,
110,Jerky,Homemade,Meat,Shelf Stable Foods,"Jerky,homemade",30,60,,,30,60,,,,,,
111,Meat Products,Canned,Meat,Shelf Stable Foods,"Meat products,products,canned,meat,product",1825,1825,,,,,3,4,,,,
112,Retort Pouches Or Boxes,,Meat,Shelf Stable Foods,"Retort pouches,boxes,box,retort,pouch",,,,,,,3,4,,,,
113,Chicken,Whole,Poultry,Fresh,"Chicken,whole",,,,,1,2,,,360,360,,
114,Turkey,Whole,Poultry,Fresh,"Turkey,whole",,,,,1,2,,,360,360,,
115,Ground Turkey Or Chicken,,Poultry,Fresh,"Ground turkey,chicken,turkey",,,,,1,2,,,90,120,,
116,Chicken Parts,"Breast Halves, Bone-in",Poultry,Fresh,"Chicken parts,breast halves,bone-in,halves,bone,breast,chicken,half",,,,,1,2,,,270,270,,
117,Chicken Parts,"Breast Halves, Boneless",Poultry,Fresh,"Chicken parts,breast halves,boneless,chicken,breast,halves,half,bone",,,,,1,2,,,270,270,,
118,Chicken Parts,Legs Or Thighs,Poultry,Fresh,"Chicken parts,legs,thighs,chicken,leg,thigh",,,,,1,2,,,270,270,,
119,Turkey Parts,"Breast Halves, Bone-in",Poultry,Fresh,"Turkey parts,breast halves,bone-in,halves,bone,breast,half,turkey",,,,,1,2,,,270,270,,
120,Turkey Parts,"Breast Halves, Boneless",Poultry,Fresh,"Turkey parts,breast,boneless,bone,turkey",,,,,1,2,,,270,270,,
121,Turkey Parts,Legs Or Thighs,Poultry,Fresh,"Turkey parts,legs,thighs,turkey,leg,thigh",,,,,1,2,,,270,270,,
123,Duckling,"Domestic Or Wild, Whole",Poultry,Fresh,"Duckling,domestic,wild,whole",,,,,1,2,,,180,180,,
125,Goose,"Domestic Or Wild, Whole",Poultry,Fresh,"Goose,domestic,wild,whole",,,,,1,2,,,180,180,,
126,Pheasant,"Young, Whole",Poultry,Fresh,"Pheasant,young,whole",,,,,1,2,,,180,180,,
127,Quail,Whole,Poultry,Fresh,"Quail,whole",,,,,1,2,,,180,180,,
128,Capon,Whole,Poultry,Fresh,"Capon,whole",,,,,1,2,,,360,360,,
129,Cornish Hens,Whole,Poultry,Fresh,"Cornish Hens,Hens,whole,Hen",,,,,1,2,,,360,360,,
130,Giblets,,Poultry,Fresh,"Giblets,giblet",,,,,1,2,,,90,120,,
131,"Stuffed, Raw Chicken Breasts",,Poultry,Stuffed or Assembled,"Stuffed,raw chicken breasts,breast,chicken,chicken breasts",,,,,1,2,,,270,270,,
132,Raw Kabobs With Vegetables,,Poultry,Stuffed or Assembled,"Raw kabobs,vegetables,kabobs,kabob,vegetable",,,,,1,2,,,90,120,,
133,Turducken,,Poultry,Stuffed or Assembled,Turducken,,,,,,,,,270,270,,
134,"Chicken Nuggets, Patties",,Poultry,Cooked or Processed,"Chicken nuggets, patties,chicken,nuggets,nugget,patty",,,,,,,,,30,90,,
135,Cooked Poultry Dishes,,Poultry,Cooked or Processed,"Cooked poultry dishes,poultry dishes,poultry",,,,,3,4,,,120,180,,
136,Fried Chicken,,Poultry,Cooked or Processed,"Fried chicken,chicken",,,,,3,4,,,120,120,,
140,Poultry Pieces,Covered With Gravy Or Broth,Deli & Prepared Foods,,"Poultry pieces,gravy,broth,poultry,pieces,piece",,,,,3,4,,,30,60,,
141,Rotisserie Chicken,,Poultry,Cooked or Processed,"Rotisserie chicken,chicken,Rotisserie",,,,,3,4,,,120,120,,
142,Canned Chicken,,Poultry,Shelf Stable Foods,"Canned chicken,chicken,canned,can",1825,1825,,,,,3,4,,,,
143,Retort Pouches Or Boxes,,Poultry,Shelf Stable Foods,"Retort pouches,boxes,box,retort,pouch",,,,,,,3,4,,,,
144,Lean Fish,"Cod, Flounder, Haddock, Halibut, Sole, Etc.",Seafood,Fresh,"Lean fish,cod, flounder,haddock,halibut,sole,fish",,,,,1,2,,,180,240,,
145,Lean Fish,"Pollock, Ocean Perch, Rockfish, Sea Trout.",Seafood,Fresh,"Lean fish,pollock,ocean,rockfish, sea,sea trout,fish,ocean perch,perch,trout,rock",,,,,1,2,,,120,240,,
146,Fatty Fish,"Bluefish, Catfish, Mackerel, Mullet, Salmon, Tuna, Etc.",Seafood,Fresh,"Fatty fish,bluefish,catfish,mackerel,mullet,salmon,tuna,fish,fatty,blue,cat",,,,,1,2,,,60,90,,
147,Caviar,"Fresh, In Jar",Seafood,Fresh,"Caviar,fresh,jar",,,,,7,28,2,2,,,,
148,Cooked Fish,All,Seafood,Fresh,"Cooked fish,fish,all",,,,,3,4,,,30,60,,
149,Surimi Seafood,,Seafood,Fresh,"Surimi seafood,surimi,sea,food",,,,,,,,,270,270,,
150,Scallops,,Seafood,Shellfish,"Scallops,scallop",,,,,1,3,,,180,540,,
151,"Shrimp, Crayfish",,Seafood,Shellfish,"Shrimp,crayfish,cray,fish",,,,,1,3,,,180,540,,
152,Squid,,Seafood,Shellfish,Squid,,,,,1,3,,,180,540,,
153,"Shucked Clams, Mussels, And Oysters",,Seafood,Shellfish,"Shucked clams,mussels,oysters,clams,clam,mussels,mussel,oyster",,,,,3,10,,,90,120,,
154,Crab Meat,Fresh,Seafood,Shellfish,"Crab meat,meat,fresh,crab",,,,,1,3,,,60,120,,
155,Crab Meat,Pasteurized,Seafood,Shellfish,"Crab meat,meat,pasteurized,crab",,,,,300,360,3,5,120,300,,
156,Crab Legs,"King, Dungeness, Snow",Seafood,Shellfish,"Crab legs,king,dungeness,snow,crab,legs,leg",,,,,2,4,,,270,360,,
157,"Live Clams, Mussels, Crab, And Oysters",,Seafood,Shellfish,"Live clams,mussels,crab,oysters,clams,clam,mussel,oyster",,,,,1,2,,,60,90,,
158,Fresh Whole Lobster,Live,Seafood,Shellfish,"Fresh whole lobster,lobster,live,whole lobster",,,,,1,1,,,,,It is not safe to cook and eat a whole lobster if it is dead at the time of preparation.,
159,Fresh Lobster Tails,Cooked,Seafood,Shellfish,"Fresh lobster tails,tails,cooked,lobster tails,tail",,,,,2,3,,,14,28,,
160,"Fresh Clams, Mussels, Oysters",,Seafood,Shellfish,"Fresh clams,clams,oysters,clam,mussels,mussel,oyster",,,,,5,10,,,,,,
161,Fresh Whole Lobster,Frozen,Seafood,Shellfish,"Fresh whole lobster,lobster,frozen,whole lobster",,,,,1,2,,,14,28,,
162,Cooked Shellfish,All,Seafood,Shellfish,"Cooked shellfish,shellfish,fish,cooked",,,,,3,4,,,30,90,,
163,Herring,"Glass Packed, In Wine Sauce",Seafood,Smoked,"Herring,glass packed,wine sauce,packed,glass,wine,sauce",,,,,120,180,,,,,,
164,Fish,"Hot Smoked, Air Pack",Seafood,Smoked,"Fish,hot smoked,air pack,hot,smoked,pack",,,,,14,45,,,270,360,,
165,Fish,"Hot Smoked, Vacuum Pack",Seafood,Smoked,"Fish,hot smoked,vacuum pack,hot,smoked,vacuum,pack",,,,,14,45,,,180,360,,
166,Fish,"Cold Smoked, Air Pack",Seafood,Smoked,"Fish,cold smoked,air pack,cold,smoked,pack",,,,,14,30,,,270,360,,
167,Fish,"Cold Smoked, Vacuum Pack",Seafood,Smoked,"Fish,cold smoked,vacuum pack,cold,smoked,vacuum,pack",,,,,21,30,,,270,360,,
168,Tofu,,Vegetarian Proteins,,Tofu,,,,,7,7,,,150,150,,
169,Miso,,Vegetarian Proteins,,Miso,,,,,365,365,,,,,,
170,Soy Flour,Full-fat,Vegetarian Proteins,,"Soy flour,full fat,soy,flour,fat",60,60,,,180,180,,,,,,
171,Textured Soy Protein,(tsp),Vegetarian Proteins,,"Textured soy protein,protein,TSP,soy protein,soy",730,730,90,120,,,,,,,,
172,Re-hydrated Textured Soy Protein,(tsp),Vegetarian Proteins,,"Re hydrated textured soy protein,protein,TSP,soy,soy protein,textured soy protein,Re hydrated",90,120,,,3,4,,,,,Refrigeration time applies to prepared product.,
173,Leftovers,"With Meat, Fish, Poultry, Or Egg",Deli & Prepared Foods,,"Leftovers,meat,fish,poultry,egg,leftover",,,,,3,4,,,60,90,,
174,Leftovers,"Without Meat, Fish, Poultry, Or Egg (such As Cooked Vegitables, Rice, Or Potatoes)",Deli & Prepared Foods,,"leftover,leftovers,without meat,fish,poultry,egg,cooked vegetables,rice,potatoes,meat,vegetables,potato,vegetable",,,,,3,4,,,30,60,,
175,Leftovers,Pizza,Deli & Prepared Foods,,"Leftovers,pizza",,,,,3,4,,,30,60,,
176,Commercial Brand Vacuum-packed Dinners,With Usda Seal,Deli & Prepared Foods,,"Commercial brand vacuum-packed dinners,brand vacuum packed dinners,USDA seal,USDA,seal,dinners,dinner,vacuum packed,vacuum packed dinner,packed dinner,packed",,,,,14,14,,,,,,
177,Cooked Pasta,,Deli & Prepared Foods,,"Cooked pasta,pasta",,,,,3,5,,,30,60,,
178,Cooked Rice,,Deli & Prepared Foods,,"Cooked rice,rice",,,,,4,6,,,180,180,,
179,"Fruit, Cut",,Deli & Prepared Foods,,"Fruit,cut",,,,,,,4,4,,,,
180,Guacamole,,Deli & Prepared Foods,,Guacamole,,,,,3,4,,,90,120,,
181,Hummus,"Commercial (pasteurized, With Preservatives)",Deli & Prepared Foods,,"Hummus,commercial,pasteurized,preservatives,preservative",,,,,90,90,7,7,,,,
183,Hummus,"Traditional (no Preservatives, Not Pasteurized)",Deli & Prepared Foods,,"Hummus,traditional,no preservatives,not pasteurized,no preservative,preservatives,preservative,pasteurized",,,,,7,7,,,,,,
184,Luncheon Meat Or Poultry,Store-sliced,Deli & Prepared Foods,,"Luncheon meat,poultry,store sliced,meat,luncheon,store,sliced",,,,,3,5,,,30,60,,
185,Main Dishes Or Meals,Hot Or Refrigerated,Deli & Prepared Foods,,"Main dishes,meals,hot,refrigerated,dishes,dish,meal",,,,,3,4,,,60,90,,
186,Meats,Covered With Gravy Or Broth,Deli & Prepared Foods,,"Meats,gravy,broth,meat",,,,,3,4,,,180,180,,
187,Olives,From Olive Bar,Deli & Prepared Foods,,"Olives,bar,olive",,,,,14,14,,,,,,
188,Pate,,Deli & Prepared Foods,,Pate,,,,,1,2,,,30,60,,
192,Luncheon Meat Or Poultry,Pre-packaged,Deli & Prepared Foods,,"Luncheon meat,luncheon,meat,poultry,packaged,pre packaged",,,,,14,14,3,5,30,60,,
193,"Soup, Stews",,Deli & Prepared Foods,,"Soup,stews,stew",,,,,3,4,,,60,90,,
194,Casseroles,,Deli & Prepared Foods,,"Casseroles,Casserole",,,,,3,4,,,,,,
195,Commercial Bread Products,"Including Pan Breads, Flat Breads, Rolls, And Buns",Baked Goods,Bakery,"Commercial bread products,pan breads,flat breads,rolls,buns,bread products,bread,products,product,pan,breads,bread,flat,roll,bun",14,18,,,,,14,21,90,150,,
196,Tortillas,Flour,"Grains, Beans & Pasta",,"Tortillas,Tortilla",90,90,,,,,90,90,180,180,,
197,Commercial Cakes And Muffins,,Baked Goods,Bakery,"Commercial cakes,cake,muffin,muffins",3,7,,,,,7,10,180,180,,
198,Cheesecake,,Baked Goods,Bakery,"Cheesecake,cake,cheese",,,,,,,5,7,90,180,,
199,Cookies,Soft,Baked Goods,Bakery,"Cookies,soft,cookie",60,90,,,,,,,240,360,,
200,Cookies,Crispy,Baked Goods,Bakery,"Cookies,crispy,cookie",120,180,,,,,,,240,360,,
201,Dairy Filled Eclairs,,Baked Goods,Bakery,"Dairy filled eclairs,dairy filled,eclairs,éclair,dairy",,,,,,,2,3,90,90,,
202,Doughnuts,,Baked Goods,Bakery,"Doughnuts,doughnut,dough,nut",1,2,,,,,2,2,,,,
203,Fruit Cake,,Baked Goods,Bakery,"Fruit cake,fruit,cake",180,180,,,,,360,360,360,360,,
204,"Pastries, Danish",,Baked Goods,Bakery,"Pastries,danish,pastry",5,10,,,,,420,420,,,,
205,Cream Pies,"Banana Cream, Coconut Cream, Butterscotch",Baked Goods,Bakery,"Pies,cream,pie, banana, banana cream,coconut,coconut cream,butterscotch",,,,,,,3,4,,,,
206,Chiffon Pies,"Chocolate, Lemon",Baked Goods,Bakery,"Pies,chiffon,pie,chocolate,lemon,chocolate pie,lemon pie",,,,,,,1,2,,,,
207,Fruit Pies,"Apple, Peach, Blueberry, Apricot, Cherry, Blackberry",Baked Goods,Bakery,"Pies,fruit,pie,apple,apple pie,peach,peach pie,blueberry,blueberry pie,cherry,cherry pie,apricot,apricot pie,blackberry,blackberry pie",1,2,,,,,7,7,240,240,,
208,Pies,Mincemeat,Baked Goods,Bakery,"Pies,mincemeat,pie,meat,mince",0.1,0.1,,,,,7,7,240,240,,
209,Pies,Pecan,Baked Goods,Bakery,"Pies,Pie,pecan",0.1,0.1,,,,,3,4,30,60,,
210,Pies,Pumpkin,Baked Goods,Bakery,"Pies,Pie,pumpkin",0.1,0.1,,,,,3,4,30,60,,
211,Quiche,,Baked Goods,Bakery,Quiche,0.1,0.1,,,,,3,5,60,90,,
212,Baking Powder,,Baked Goods,Baking and Cooking,"Baking powder,baking,powder",180,540,90,180,,,,,,,,
213,Baking Soda,,Baked Goods,Baking and Cooking,"Baking soda,soda,baking",730,1095,180,180,,,,,,,,
214,Biscuit Or Pancake Mix,,Baked Goods,Baking and Cooking,"Biscuit,pancake mix,pancake,mix,cake",270,270,,,,,,,,,,
215,"Cake, Brownie, Bread Mixes",,Baked Goods,Baking and Cooking,"Cake,brownie,bread mixes,bread,mixes,mix",360,540,,,,,,,,,,
216,Chocolate,"Unsweetened And Semi-sweet, Solid",Baked Goods,Baking and Cooking,"Chocolate,unsweetened,semi sweet,solid,sweet",365,730,365,365,,,,,,,,
217,Cocoa And Cocoa Mixes,,Baked Goods,Baking and Cooking,"Cocoa,cocoa mixes,mixes,mix",,,365,365,,,,,,,,
218,Cornmeal,"Regular, Degerminated",Baked Goods,Baking and Cooking,"Cornmeal,regular,degerminated,germinated,germinate,corn,meal",180,360,730,730,,,365,365,,,,
219,Cornmeal,Stone Ground Or Blue,Baked Goods,Baking and Cooking,"Cornmeal,stone ground,blue,ground,stone,corn,meal",30,30,,,,,60,120,,,,
220,Cornstarch,,Baked Goods,Baking and Cooking,"Cornstarch,corn,starch",540,720,540,540,,,,,,,,
222,Flour,White,Baked Goods,Baking and Cooking,"Flour,white",180,360,180,240,,,365,365,,,,
223,Flour,Whole Wheat,Baked Goods,Baking and Cooking,"Flour,whole wheat,wheat",90,180,,,,,180,240,,,,
224,Frosting Or Icing,,Baked Goods,Baking and Cooking,"Frosting,icing,frost,ice",300,360,,,,,14,21,,,,
225,Gelatin,Flavored,Baked Goods,Baking and Cooking,"Gelatin,flavor,flavored",300,360,90,120,,,,,,,,
226,Gelatin,Unflavored,Baked Goods,Baking and Cooking,"Gelatin,unflavor,unflavored",1095,1095,,,,,,,,,,
227,Oils,Olive Or Vegetable,Baked Goods,Baking and Cooking,"Oils,olive,vegetable,oil",180,360,90,150,,,120,120,,,,
228,Nut Oils,,Baked Goods,Baking and Cooking,"Nut oils,nut,oils,oil",180,360,90,240,,,180,240,,,,
229,Vegetable Oil Sprays,,Baked Goods,Baking and Cooking,"Vegetable oil sprays,sprays,oil,vegetable,vegetable oil",730,730,365,365,,,,,,,,
230,Shortening,Solid,Baked Goods,Baking and Cooking,"Shortening,solid",365,730,180,360,,,,,,,,
231,Tamarind Paste,,Baked Goods,Baking and Cooking,"Tamarind paste,paste,tamarind",180,360,180,180,,,60,90,,,,
232,Chili Powder,,Baked Goods,Baking and Cooking,"Chili powder,powder,chili",730,730,730,730,,,,,,,,
233,Seasoning Blends,,Baked Goods,Baking and Cooking,"Seasoning blends,blends,seasoning,blend",365,730,365,730,,,,,,,,
234,Flavored Or Herb Mixes,,Baked Goods,Baking and Cooking,"Flavored,herb mixes,herb,flavor,mixes,mix",180,180,,,,,,,,,,
235,Garlic,"Chopped, Commercial Jars",Baked Goods,Baking and Cooking,"Garlic,chopped,jars,commercial jars,jar",240,360,,,,,,,,,,
236,Herbs,Dried,Baked Goods,Baking and Cooking,"Herbs,dried,herb",365,730,365,730,,,,,,,,
237,Spice/spices,Whole,Baked Goods,Baking and Cooking,"Spice,spices,whole",1095,1460,1095,1460,,,,,,,,
238,Spice/spices,Ground,Baked Goods,Baking and Cooking,"Spice,spices,ground",730,1095,730,1095,,,,,,,,
239,Sugar,Brown,Baked Goods,Baking and Cooking,"Sugar,brown",,,540,720,,,,,,,"Sugar never spoils, but for best quality use within 2 years of opening.",
240,Sugar,Granulated,Baked Goods,Baking and Cooking,"Sugar,granulated",,,540,720,,,,,,,"Sugar never spoils, but for best quality use within 2 years of opening.",
241,Sugar,Confectioners,Baked Goods,Baking and Cooking,"Sugar,confectioners,confectioner",,,540,720,,,,,,,"Sugar never spoils, but for best quality use within 2 years of opening.",
242,Sugar Substitutes,,Baked Goods,Baking and Cooking,"Sugar substitutes,sugar,substitutes,substitute",730,730,,,,,,,,,,
243,Tapiocas,,Baked Goods,Baking and Cooking,"Tapiocas,Tapioca",360,360,360,360,,,,,,,,
245,Tube Cans,"Of Biscuits, Rolls, Pizza Dough, Etc.",Baked Goods,Refrigerated Dough,"Tube cans,biscuits,biscuit,rolls,roll,pizza,pizza dough,dough,tube can,can,tube",,,,,,,,,,,,
246,Ready-to-bake Pie Crust,,Baked Goods,Refrigerated Dough,"Ready to bake pie crust,pie,crust,bake,ready",,,,,,,,,60,60,,
247,Cookie Dough,,Baked Goods,Refrigerated Dough,"Cookie dough,cookie,dough",,,,,,,,,60,60,,
248,Apples,,Produce,Fresh Fruits,"Apples,apple",21,21,,,28,42,,,240,240,Freezing guidance applies to cooked product.,
249,Apricots,,Produce,Fresh Fruits,"Apricots,Apricot",,,,,2,5,,,,,"Ripe is when this item is tender, fully developed and ready to eat. Timeline for refrigerator applies to ripe fruit.",
250,Avocados,,Produce,Fresh Fruits,"Avocados,Avocado",,,,,3,4,,,,,"Ripe is when this item is tender, fully developed and ready to eat. Timeline for refrigerator applies to ripe fruit.",
251,Bananas,,Produce,Fresh Fruits,"Bananas,banana",,,,,3,3,,,60,90,"Ripe is when this item is tender, fully developed and ready to eat. Timeline for refrigerator applies to ripe fruit; skin will blacken.",
252,Berries,"Cherries, Goose Berries, Lychee",Produce,Fresh Fruits,"Berries,berry,cherries,cherry,goose berries,goose berry,lychee,gooseberries",,,,,7,7,,,360,360,,
253,Berries,"Blackberries, Boysenberries, Currant",Produce,Fresh Fruits,"Berries,berry,blackberries,blackberry,boysenberries,boysenberry,currant",,,,,3,6,,,360,360,,
254,Blueberries,,Produce,Fresh Fruits,"Blueberries,blueberry,berries,berry",,,,,7,14,,,240,360,,
255,Cherimoya,,Produce,Fresh Fruits,Cherimoya,,,,,4,4,,,300,360,"Ripe is when this item is tender, fully developed and ready to eat. Timeline for refrigerator applies to ripe fruit.",
256,Citrus Fruit,"Lemon, Lime, Orange, Grapefruit, Tangerines, Clementines",Produce,Fresh Fruits,"Citrus fruit,fruit,citrus,lemon,lime,orange,grape,grapefruit,tangerines,tangerine,clementines,clementine",10,10,,,10,21,,,,,,
257,Coconut,Shredded,Produce,Fresh Fruits,"Coconut,shredded",365,365,,,,,240,240,365,365,Applies to unopened coconut.,
258,Coconuts,Fresh,Produce,Fresh Fruits,"Coconuts,Coconut,fresh",7,7,,,14,21,,,,,,
259,Cranberries,,Produce,Fresh Fruits,"Cranberries,cranberry",,,,,60,60,,,360,360,,
260,Dates,,Produce,Fresh Fruits,Dates,60,60,,,360,360,,,365,730,,
261,Grapes,,Produce,Fresh Fruits,"Grapes,grape",1,1,,,7,7,,,30,30,Freezing guidance applies to whole grapes.,
262,Guava,,Produce,Fresh Fruits,Guava,,,,,2,4,,,,,"Ripe is when this item is tender, fully developed and ready to eat. Note, these spoil quickly. Timeline for refrigerator applies to ripe fruit.",
263,Kiwi Fruit,,Produce,Fresh Fruits,"Kiwi fruit,kiwi,fruit",,,,,3,6,,,,,"Ripe is when this item is tender, fully developed and ready to eat. Timeline for refrigerator applies to ripe fruit.",
264,Melons,,Produce,Fresh Fruits,"Melons,melon",,,,,14,14,2,4,30,30,"Until Ripe, then 7 days. Ripe is when this item is tender, fully developed and ready to eat. Freezing guidance applies to balled melon.",
265,"Papaya, Mango, Feijoa, Passionfruit, Casaha Melon",,Produce,Fresh Fruits,"Papaya,mango,feijoa,passionfruit,casaha melon,melon,fruit,passion",3,5,,,7,7,,,180,240,,
266,"Peaches, Nectarines, Plums, Pears, Sapote",,Produce,Fresh Fruits,"Peaches,nectarines,plums,pears,sapote,peach,nectarine,plum,pear",,,,,3,5,,,60,60,"Until Ripe, then 1-2 days. Ripe is when this item is tender, fully developed and ready to eat. Timeline for refrigerator applies to ripe fruit. Freezing guidance applies to product when sliced, with lemon juice and sugar.",
267,Pineapple,,Produce,Fresh Fruits,Pineapple,,,,,5,7,,,300,360,"Until Ripe, then 1-2 days. Ripe is when this item is tender, fully developed and ready to eat. Timeline for refrigerator applies to ripe fruit.",
268,Plantains,,Produce,Fresh Fruits,"Plantains,plantain",,,,,3,5,,,300,360,"Until Ripe, then 1-2 days. Ripe is when this item is tender, fully developed and ready to eat. Timeline for refrigerator applies to ripe fruit.",
269,Pomegranate,,Produce,Fresh Fruits,Pomegranate,2,5,,,30,90,,,300,360,,
270,"Artichokes, Whole",,Produce,Fresh Vegetables,"Artichokes,artichoke,whole",1,2,,,7,14,,,,,,
271,Asparagus,,Produce,Fresh Vegetables,Asparagus,,,,,3,4,,,150,150,,
272,Bamboo Shoots,,Produce,Fresh Vegetables,"Bamboo shoots,bamboo,shoots,shoot",,,,,14,14,5,5,,,,
273,Beans And Peas,"Green, Fava, Lima, Soybean, Wax, Snow, Sugar Snap",Produce,Fresh Vegetables,"Beans,peas,green,fava,lima,soybean,wax,snow,sugar snap,sugar,pea,soya",,,,,3,5,,,240,240,,
274,Beets,,Produce,Fresh Vegetables,Beets,1,1,,,7,14,,,180,240,,
275,Bok Choy,,Produce,Fresh Vegetables,Bok choy,,,,,2,3,,,300,360,,
276,Broccoli And Broccoli Raab (rapini),,Produce,Fresh Vegetables,"Broccoli,broccoli raab,rapini,raab",,,,,3,5,,,300,360,,
277,Brussels Sprouts,,Produce,Fresh Vegetables,"Brussels sprouts,brussels,sprouts,sprout,brussel",,,,,3,5,,,300,360,,
278,Cabbage,,Produce,Fresh Vegetables,Cabbage,,,,,7,14,,,300,360,,
279,"Carrots, Parsnips",,Produce,Fresh Vegetables,"Carrots,parsnips,carrot,parsnip",,,,,14,21,,,300,360,,
280,Cauliflower,,Produce,Fresh Vegetables,Cauliflower,,,,,3,5,,,300,360,,
281,Celery,,Produce,Fresh Vegetables,Celery,,,,,7,14,,,300,360,,
282,Corn On The Cob,,Produce,Fresh Vegetables,"Corn,cob",,,,,1,2,,,240,240,,
283,Cucumbers,,Produce,Fresh Vegetables,"Cucumbers,cucumber",,,,,4,6,,,,,,
284,Eggplant,,Produce,Fresh Vegetables,"Eggplant,egg",1,1,,,4,7,,,180,240,,
285,Garlic,,Produce,Fresh Vegetables,Garlic,30,30,,,3,14,,,30,30,Store unbroken bulbs in pantry. Store individual cloves in refrigerator.,
286,Ginger Root,,Produce,Fresh Vegetables,"Ginger root,ginger,root",2,5,,,14,21,,,180,180,,
287,Greens,,Produce,Fresh Vegetables,"Greens,green",,,,,1,4,,,300,360,,
288,Herbs,,Produce,Fresh Vegetables,"Herbs,herb",,,,,7,10,,,30,60,,
289,Leeks,,Produce,Fresh Vegetables,"Leeks,leek",,,,,7,14,,,300,360,,
290,Lettuce,"Iceberg, Romaine",Produce,Fresh Vegetables,"Lettuce,iceberg,romaine",,,,,7,14,,,,,,
291,Lettuce,"Leaf, Spinach",Produce,Fresh Vegetables,"Lettuce,leaf,spinach",,,,,3,7,,,,,,
292,Mushrooms,,Produce,Fresh Vegetables,"Mushroom,mushrooms",,,,,3,7,,,300,360,,
293,Okra,,Produce,Fresh Vegetables,Okra,1,1,,,2,3,,,300,360,Highly perishable when stored in the pantry.,
294,Onions,"Yellow, White, Red, Etc.",Produce,Fresh Vegetables,"Onions,yellow,white,red,onion",30,30,,,60,60,,,300,360,,
295,Onions,Spring Or Green,Produce,Fresh Vegetables,"Onions,spring,green,onion",30,30,,,7,7,,,300,360,,
296,Peppers,,Produce,Fresh Vegetables,"Peppers,pepper",,,,,4,14,,,180,240,,
297,Potatoes,,Produce,Fresh Vegetables,"Potatoes,potato",30,60,,,7,14,,,300,360,This is the recommended storage method for whole potatoes. The United States Potato Board notes refrigeration can cause potatoes to darken during cooking and to develop an unpleasantly sweet taste. Freezer timeline applies to cooked and mashed potatoes.,
298,Pumpkins,,Produce,Fresh Vegetables,"Pumpkins,pumpkin",60,90,,,90,150,,,,,,
299,Radishes,,Produce,Fresh Vegetables,"Radishes,radish",,,,,10,14,,,,,,
300,Rhubarb,,Produce,Fresh Vegetables,Rhubarb,,,,,3,7,,,,,,
301,Rutabagas,,Produce,Fresh Vegetables,Rutabagas,7,7,,,14,21,,,240,300,,
302,Squash,Summer And Zucchini,Produce,Fresh Vegetables,"Squash,summer,zucchini",1,5,,,4,5,,,300,360,,
303,Squash,Winter,Produce,Fresh Vegetables,"Squash,winter",14,42,,,30,90,,,300,360,,
304,Tamarind,,Produce,Fresh Vegetables,Tamarind,7,21,,,180,180,,,365,365,Refrigeration guidelines apply to just the pulp. Freezing guidelines apply to just the pulp.,
305,Taro,,Produce,Fresh Vegetables,Taro,7,7,,,2,3,,,,,Refrigeration not recommended.,
306,Tomatoes,,Produce,Fresh Vegetables,"Tomatoes,tomato",,,,,,,,,60,60,"Until Ripe, then 7 days. Ripe is when this item is tender, fully developed and ready to eat. Refrigeration may affect flavor; USDA recommends pantry storage.",
307,Turnips,,Produce,Fresh Vegetables,"Turnips,turnip",,,,,14,14,,,240,300,,
308,Yuca/cassava,,Produce,Fresh Vegetables,"Yuca,cassava",7,7,,,3,3,,,30,60,,
309,Dough,Commercial (bread Or Cookie),Food Purchased Frozen,,"Dough,commercial,bread,cookie",,,,,3,4,,,360,360,"Recommendation is for storage after cooking. Keep frozen. For safety, cook as directed.",
310,Egg Substitutes,,Food Purchased Frozen,,"Egg substitutes,egg,substitute,Egg substitute",,,,,3,4,,,360,360,"Recommendation is for storage after cooking. Keep frozen. For safety, cook as directed.",
311,Fish,Breaded,Food Purchased Frozen,,"Fish,breaded,bread",,,,,,,,,540,540,"Not recommended to refrigerate after cooking due to decreased quality. Keep frozen. For safety, cook as directed.",
312,Fish,Raw But Headed And Gutted,Food Purchased Frozen,,"Fish,raw,headed,gutted",,,,,3,4,,,180,180,"Recommendation is for storage after cooking. Keep frozen. For safety, cook as directed.",
313,Frozen Potato Products,"Fries, Hashbrowns, Tater Tots",Food Purchased Frozen,,"Frozen potato products,fries,hashbrowns,tater tots,potato products,products,product,frozen potato,hashbrown,tater tot",,,,,,,,,360,360,"Not recommended to refrigerate after cooking due to decreased quality. Keep frozen. For safety, cook as directed.",
314,Frozen Pretzels,,Food Purchased Frozen,,"Frozen pretzels,frozen,pretzels,pretzel",,,,,3,4,,,270,270,"Recommendation is for storage after cooking. Keep frozen. For safety, cook as directed.",
315,Fruits,"Such As Berries, Melons",Food Purchased Frozen,,"Fruits,berries,melons,berry,melon",,,,,,,,,300,540,Thawing in the refrigerator is not recommended.,
317,Ice Cream,,Food Purchased Frozen,,"Ice cream,ice,cream",,,,,,,,,180,180,,
318,Ice Pops,,Food Purchased Frozen,,"Ice pops,ice,pops,pop",,,,,,,,,270,270,,
319,Juice Concentrates,,Food Purchased Frozen,,"Juice concentrates,juice,concentrate",,,,,,,,,730,730,,
320,Lobster Tails,,Food Purchased Frozen,,"Lobster tails,tail,lobster,Lobster tail",,,,,3,4,,,240,240,"Recommendation is for storage after cooking. Keep frozen. For safety, cook as directed.",
321,"Pancakes, Waffles",,Food Purchased Frozen,,"Pancakes,waffles,pancake",,,,,,,,,90,90,"Not recommended to refrigerate after cooking due to decreased quality. Keep frozen. For safety, cook as directed.",
322,Sausages,Uncooked,Food Purchased Frozen,,"Sausages,Sausage,uncooked,cooked",,,,,3,4,,,30,60,"Recommendation is for storage after cooking. Keep frozen. For safety, cook as directed.",
323,Sausages,Precooked,Food Purchased Frozen,,"Sausages,Sausage,precooked,cooked",,,,,3,4,,,30,60,"Recommendation is for storage after cooking. Keep frozen. For safety, cook as directed.",
324,"Sherbet, Sorbet",,Food Purchased Frozen,,"Sherbet,sorbet",,,,,,,,,270,270,Not recommended to refrigerate after cooking due to decreased quality.,
325,"Shrimp, Shellfish",,Food Purchased Frozen,,"Shrimp,shellfish,fish",,,,,3,4,,,360,540,"Recommendation is for storage after cooking. Keep frozen. For safety, cook as directed.",
326,Soy Crumbles And Hot Dogs,,Food Purchased Frozen,,"Soy crumbles,hot dogs,hot dog,soy,soy crumble",,,,,3,4,,,30,60,"Recommendation is for storage after cooking. Keep frozen. For safety, cook as directed.",
327,Soy Meat Substitutes,,Food Purchased Frozen,,"Soy meat substitutes,soy,meat,soy meat,meat substitutes,substitutes,substitute",,,,,3,4,,,360,540,"Recommendation is for storage after cooking. Keep frozen. For safety, cook as directed.",
328,Tempeh,,Food Purchased Frozen,,Tempeh,,,,,3,4,,,180,180,"Recommendation is for storage after cooking. Keep frozen. For safety, cook as directed.",
330,Frozen Entrees,Prepared Meals,Food Purchased Frozen,,"TV dinners,entrees,breakfast,dinners,dinner,entry,TV",,,,,,,,,360,360,"Not recommended to refrigerate after cooking due to decreased quality. Keep frozen. For safety, cook as directed.",
331,Vegetables,,Food Purchased Frozen,,"Vegetables,vegetable",,,,,3,4,,,300,540,"Recommendation is for storage after cooking. Keep frozen. For safety, cook as directed.",
332,Fresh Pasta,,"Grains, Beans & Pasta",,"Fresh pasta,pasta",,,,,1,2,,,60,60,,
333,Beans,Dried,"Grains, Beans & Pasta",,"Beans,dried",365,730,365,365,,,,,,,,
334,Lentils,Dried,"Grains, Beans & Pasta",,"Lentils,dried",365,365,365,365,,,,,,,,
335,Pasta,"Dry, Without Eggs","Grains, Beans & Pasta",,"Pasta,dry,eggs,egg,without egg,without eggs",730,730,365,365,,,,,,,,
336,Dry Egg Noodles,,"Grains, Beans & Pasta",,"Dry egg noodles,egg noodles,egg,noodles,noodle,dry",730,730,30,60,,,,,,,,
337,Peas,Dried Split,"Grains, Beans & Pasta",,"Peas,Pea,dried split,split",365,365,365,365,,,,,,,,
338,Rice,White Or Wild,"Grains, Beans & Pasta",,"Rice,white,wild",730,730,365,365,,,180,180,,,,
339,Rice,Brown,"Grains, Beans & Pasta",,"Rice,brown",365,365,365,365,,,180,180,,,,
340,Barbecue Sauce,Bottled,"Condiments, Sauces & Canned Goods",,"Barbecue sauce,sauce,bottled,Barbecue",365,365,,,,,120,120,,,"Refrigeration ensures that commercial sauces and condiments stay fresh for a longer period of time. Shelf-stable commercial barbecue sauce is safe when stored at room temperature after opening. Quality, not safety, is the reason the labels on these products suggest that they be refrigerated after opening.",
341,Chutney,,"Condiments, Sauces & Canned Goods",,Chutney,365,365,,,,,30,60,,,,
342,"Cream Sauces, Milk Solids",,"Condiments, Sauces & Canned Goods",,"Cream sauces,milk solids,sauce,solids,cream,sauces,milk,solid",180,360,,,,,,,,,,
343,Dry Gravy Mixes,,"Condiments, Sauces & Canned Goods",,"Dry gravy mixes,gravy,mixes,mix,dry",730,730,,,1,2,,,,,Refrigeration time applies to prepared product.,
344,Gravy,Jars And Cans,"Condiments, Sauces & Canned Goods",,"Gravy,jars,cans,jar,can",730,1825,,,,,1,2,,,,
345,Honey,,"Condiments, Sauces & Canned Goods",,Honey,730,730,,,,,,,,,,
346,Horseradish,In Jar,"Condiments, Sauces & Canned Goods",,"Horseradish,jar",,,,,360,360,90,120,,,,
347,"Jams, Jellies, And Preserves",,"Condiments, Sauces & Canned Goods",,"Jams,jellies,preserves,jam,jelly,preserve",180,540,,,,,180,360,,,,
348,"Ketchup, Cocktail, Or Chili Sauce",,"Condiments, Sauces & Canned Goods",,"Ketchup,cocktail,chili sauce,sauce,chili",365,365,,,,,180,180,,,"Refrigeration ensures that commercial sauces and condiments stay fresh for a longer period of time. Shelf-stable commercial ketchup, cocktail sauce, and chili sauce are safe when stored at room temperature after opening. Quality, not safety, is the reason the labels on these products suggest that they be refrigerated after opening.",
349,Marinades,,"Condiments, Sauces & Canned Goods",,"Marinades,marinade",365,365,,,,,180,180,,,,
350,Mayonnaise,Commercial,"Condiments, Sauces & Canned Goods",,"Mayonnaise,commercial",90,180,,,,,60,60,,,"Refrigeration ensures that commercial sauces and condiments stay fresh for a longer period of time. Shelf-stable commercial mayonnaise is safe when stored at room temperature after opening.  Quality, not safety, is the reason the labels on these products suggest that they be refrigerated after opening.",
351,Mustard,,"Condiments, Sauces & Canned Goods",,Mustard,365,730,,,,,365,365,,,"Refrigeration ensures that commercial sauces and condiments stay fresh for a longer period of time. Shelf-stable commercial mustard is safe when stored at room temperature after opening. Quality, not safety, is the reason the labels on these products suggest that they be refrigerated after opening.",
352,Olives,Black And Green,"Condiments, Sauces & Canned Goods",,"Olives,black,green,olive",360,540,,,,,14,14,,,,
353,Pickles,,"Condiments, Sauces & Canned Goods",,"Pickles,pickle",365,365,,,,,30,90,,,,
354,Pesto,Jarred,"Condiments, Sauces & Canned Goods",,"Pesto,jarred,jar",,,,,180,180,3,3,30,30,,
356,Salad Dressings,"Commercial, Bottled","Condiments, Sauces & Canned Goods",,"Salad dressings,dressings,dressing,commercial,bottled,bottle,salad",300,360,,,,,30,90,,,"Refrigeration ensures that commercial sauces and condiments stay fresh for a longer period of time. Shelf-stable commercial salad dressing is safe when stored at room temperature after opening. Quality, not safety, is the reason the labels on these products suggest that they be refrigerated after opening.",
357,Salsa,Picante And Taco Sauces,"Condiments, Sauces & Canned Goods",,"Salsa,picante,taco sauces,taco,sauces,sauce",365,365,,,,,30,30,,,"Refrigeration ensures that commercial sauces and condiments stay fresh for a longer period of time. Shelf-stable commercial salsa is safe when stored at room temperature after opening. Quality, not safety, is the reason the labels on these products suggest that they be refrigerated after opening.",
358,Sauce Mixes,"Nondairy (spaghetti, Taco, Etc.)","Condiments, Sauces & Canned Goods",,"Sauce mixes,sauce,mixes,mix,nondairy,dairy,spaghetti,taco",730,730,,,,,,,,,,
359,Spaghetti Sauce,In Jars,"Condiments, Sauces & Canned Goods",,"Spaghetti sauce,sauce,in jars,jars,jar,spaghetti",540,540,,,,,4,4,,,,
360,Soy Sauce Or Teriyaki Sauce,,"Condiments, Sauces & Canned Goods",,"Soy sauce,teriyaki sauce,sauce,soy,teriyaki",1095,1095,,,,,30,30,,,"Refrigeration ensures that commercial sauces and condiments stay fresh for a longer period of time. Shelf-stable commercial soy sauce and teriyaki sauce are safe when stored at room temperature after opening. Quality, not safety, is the reason the labels on these products suggest that they be refrigerated after opening.",
361,Vinegar,,"Condiments, Sauces & Canned Goods",,Vinegar,730,730,,,,,,,,,,
362,Worcestershire Sauce,,"Condiments, Sauces & Canned Goods",,"Worcestershire sauce,Worcestershire,sauce",365,365,,,,,,,,,"Refrigeration ensures that commercial sauces and condiments stay fresh for a longer period of time. Shelf-stable commercial worcestershire sauce is safe when stored at room temperature after opening. Quality, not safety, is the reason the labels on these products suggest that they be refrigerated after opening.",
363,Jars Or Pouches,,,,"Jars,pouches,jar,pouch",,,,,,,2,3,,,Should be discarded after use-by date.,
364,Fruit,,,,Fruit,,,,,,,3,3,,,Should be discarded after use-by date.,
365,Vegetables,,,,"Vegetables,vegetable",,,,,,,2,2,,,Should be discarded after use-by date.,
366,Dinners,,,,"Dinners,dinner",,,,,,,2,2,,,Should be discarded after use-by date.,
367,"Cereal, Dry Mixes",,,,"Cereal,dry mixes,mixes,mix,dry",,,30,30,,,,,,,Should be discarded after use-by date.,
368,Formula,Prepared,,,"Formula,prepared,prepare",,,0,0,,,1,1,,,Should be discarded after use-by date.,
369,Liquid Concentrate Or Ready-to-feed Formula,,,,"Liquid concentrate,ready to feed formula,concentrate,liquid,formula,feed,ready to feed,feed formula",,,,,,,2,2,,,Should be discarded after use-by date.,
370,Applesauce,Commercial,Shelf Stable Foods,,"Applesauce,Apple,sauce,commercial",360,540,,,,,7,10,,,,
371,Bacon Bits,Imitation,Shelf Stable Foods,,"Bacon bits,bits,imitation,bacon,bit",365,365,,,,,,,,,,
372,Canned Goods,"Low Acid (such As Meat, Poultry, Fish, Gravy, Stew, Soups, Beans, Carrots, Corn, Pasta, Peas, Potatoes, Spinach)",Shelf Stable Foods,,"Canned goods,canned,can,goods,low acid,low,meat,poultry,fish,gravy,stew,soups,soup,beans,bean,carrots,carrot,corn,pasta,peas,pea,potatoes,potato,spinach",730,1825,,,,,3,4,,,"Canned items will be safe to eat well past the ‘use-by’ or ‘best by’ date as long as the can shows no dents, rust, or swelling.",
373,Canned Goods,"High Acid (such As Juices, Fruit, Pickles, Sauerkraut, Tomato Soup, And Foods In Vinegar-based Sauce)",Shelf Stable Foods,,"Canned goods,canned,can,goods,high acid,high,juices,juice,fruit,fruits,pickles,pickle,sauerkraut,tomato soup,soup,tomato,foods in vinegar based sauce,sauce,foods,food,vinegar based,vinegar",360,540,,,,,5,7,,,"Canned items will be safe to eat well past the ‘use-by’ or ‘best by’ date as long as the can shows no dents, rust, or swelling.",
374,Cereal,Ready-to-eat,Shelf Stable Foods,,"Cereal,ready,eat",180,360,60,90,,,,,,,,
375,Cereal,"Cook Before Eating (oatmeal, Etc.)",Shelf Stable Foods,,"Cereal,cook before eating,oatmeal,oats,oat,meal",360,360,180,360,,,,,,,,
376,Chocolate Syrup,,Shelf Stable Foods,,"Chocolate syrup,Chocolate,syrup",730,730,,,,,180,180,,,,
377,Crackers,,Shelf Stable Foods,,"Crackers,cracker",240,240,30,30,,,90,120,90,120,,
378,Graham Cracker/animal Cracker,,Shelf Stable Foods,,"Graham cracker,animal cracker,Graham,cracker,animal",180,270,,,,,,,,,,
379,"Fruits, Dried","Raisins, Apricots, Mangoes, Cranberries, Etc.",Shelf Stable Foods,,"Fruits,fruit,dried,raisins,raisin,apricots,apricot,mangoes,mangoe,cranberries,cranberry",180,180,30,30,,,180,180,,,,
380,Gummy (fruit) Snacks,,Shelf Stable Foods,,"fruit snack,gummy,fruit,snacks,snack,gummy snacks,fruit snacks,gummy snack",180,270,,,,,,,,,,
381,Marshmallows,,Shelf Stable Foods,,"Marshmallows,Marshmallow",365,365,30,30,,,,,,,,
382,Marshmallow Crème,,Shelf Stable Foods,,"Marshmallow crème,Marshmallow,crème",60,150,30,30,,,,,,,,
383,Milk,Canned Evaporated Or Condensed,Shelf Stable Foods,,"Milk,can,canned,evaporated,condensed,evaporate,condense",360,360,,,,,4,5,,,,
384,Molasses,,Shelf Stable Foods,,Molasses,365,730,180,180,,,,,,,,
385,Mushrooms,Dried,Shelf Stable Foods,,"Mushrooms,Mushroom,dried",365,730,90,90,,,,,,,,
386,Nuts,Jars Or Cans,Shelf Stable Foods,,"Nuts,nut,jar,jars,cans,can",365,365,60,270,,,120,180,180,360,,
387,Peanut Butter,Commercial,Shelf Stable Foods,,"Peanut butter,butter,commercial,peanut",180,720,60,90,,,,,,,,
388,Pectin,,Shelf Stable Foods,,Pectin,,,30,30,,,,,,,,
389,Popcorn,Dry Kernels In Jar,Shelf Stable Foods,,"Popcorn,dry kernels in jar,jar,dry kernels,kernels,in jar,kernel,chips,chip",730,730,365,365,,,,,,,,
390,Popcorn,Commercially Popped In Bags,Shelf Stable Foods,,"Popcorn,commercially,popped in bags,bags,bag,in bags",60,90,7,14,,,,,,,,
391,Popcorn,Microwave Packets,Shelf Stable Foods,,"Popcorn,microwave packets,packets,microwave,packet",180,360,1,2,,,,,,,After opening time applies to prepared product.,
392,Potato Chips,,Shelf Stable Foods,,"Potato chips,potato,chips,chip,potatoes",60,60,7,14,,,,,,,,
393,Potatoes,Instant,Shelf Stable Foods,,"Potatoes,Potato,instant",300,450,180,360,,,,,,,,
394,Pretzels,,Shelf Stable Foods,,"Pretzels,Pretzel",120,270,21,21,,,,,,,,
395,Pudding Mixes,,Shelf Stable Foods,,"Pudding mixes,Pudding,mixes,mix",365,365,90,120,,,,,,,,
396,Soup Mixes,Dry Bouillon,Shelf Stable Foods,,"Soup mixes,mixes,mix,soup,dry bouillon,bouillon",365,365,365,365,,,,,,,,
397,Sun Dried Tomatoes,Jar,Shelf Stable Foods,,"Sun dried tomatoes,dried tomatoes,sun,sun dried,dried,tomatoes,tomato",365,365,90,180,,,90,180,,,,
398,Syrup,,Shelf Stable Foods,,Syrup,365,365,,,,,180,180,,,,
399,Toaster Pastries,,Shelf Stable Foods,,"Toaster pastries,pastry,Toaster,pastries",180,360,7,14,,,,,,,,
400,Coffee,Whole Beans,Beverages,,"Coffee,whole beans,beans,whole,bean",90,150,90,150,,,90,120,,,,
401,Coffee,"Home Ground, Non-vacuum",Beverages,,"Coffee,home ground,non vacuum,ground,home,vacuum",90,150,21,35,,,,,365,730,,
402,Coffee,Instant,Beverages,,"Coffee,instant",365,365,60,90,,,,,,,,
403,Diet Powder Mixes And Drink Mixes,,Beverages,,"Diet powder mixes,drink mixes,mixes,drink,powder mixes,diet powder,mix",540,720,30,90,,,,,,,,
404,"Fruit Juice In Cartons, Fruit Drinks, Punch",,Beverages,,"Fruit Juice in cartons,fruit drinks,punch,fruit,fruit juice,juice in cartons,cartons,carton,drinks,drink",21,21,7,12,,,8,12,,,,
405,"Juice, Boxes",,Beverages,,"Juice, boxes,box",,,,,,,8,12,,,,
406,Nectar,"Papaya, Mango, Guava, Or Guavabana",Beverages,,"Nectar,papaya,mango,guava,guavabana,mangoes",360,540,,,,,,,,,,
407,Soda,"Carbonated Cola Drinks, Mixers, Diet Sodas; Bottles Or Cans",Beverages,,"Soda,carbonated cola drinks,mixers,diet sodas,bottles,cans,cola drinks,drinks,drink,cola,carbonated,carbonated cola,mixer,diet,sodas,bottle,can",,,,,,,2,3,,,,
408,Soy Or Rice Beverage,,Beverages,,"Soy,rice beverage,rice,beverage",,,,,,,7,10,,,,
410,Tea,Bags,Beverages,,"Tea,bags,bag",540,1080,180,360,,,,,,,,
411,Tea,Instant,Beverages,,"Tea,instant",730,1095,180,360,,,,,,,,
412,Tea,Loose,Beverages,,"Tea,loose",730,730,180,360,,,,,,,Matcha tea is the only tea that can be frozen after opening.,
413,Water,Commercially Bottled,Beverages,,"Water,commercially bottled,bottled,commercially,bottle,commercial",,,,,,,,,,,"Water will store indefinitely, though the taste may be impacted by storage conditions, including sunlight, items stored around it and the containers being used to store it.",
414,Kumquats,,Produce,Fresh Fruits,Kumquats,,,,,21,21,,,,,"Ripe is when this item is tender, fully developed and ready to eat. Timeline for refrigerator applies to ripe fruit.",
415,Bagged Greens,"Leaf, Spinach, Lettuce, Etc.",Produce,Fresh Vegetables,"Bagged greens,leaf,spinach,lettuce,bagged,greens,green",,,,,3,5,2,2,,,Unopened product will last 3 - 5 days after date on bag; after opening it will last 2 days.,
416,Tahini,,"Condiments, Sauces & Canned Goods",,Tahini,365,365,,,,,21,21,,,,
190,Egg Salad,,Deli & Prepared Foods,,"Egg salad,egg,salad",,,,,3,4,,,,,,
191,Potato Salad,,Deli & Prepared Foods,,"Potato salad,potato,salad",,,,,3,5,,,,,,
417,Seafood Salads,"(tuna Salad, Shrimp Salad, Salmon Salad, Mixed Seafood Salad, Etc.)",Deli & Prepared Foods,,"Seafood salads,tuna salad, shrimp salad, salmon salad, mixed seafood salad,seafood,salads,salad,tuna,shrimp,salmon,mixed,mixed seafood,seafood salad,",,,,,3,4,,,,,,
418,Chicken Salad,,Deli & Prepared Foods,,"Chicken salad,chicken,salad",,,,,3,4,,,,,,
419,Ham Salad,,Deli & Prepared Foods,,"Ham salad,ham,salad",,,,,3,4,,,,,,
420,Pasta Salad,,Deli & Prepared Foods,,"Pasta salad,pasta,salad",,,,,3,5,,,,,,
421,Soy Milk,,Dairy Products & Eggs,,"Soy milk,soy,milk",,,,,,,7,10,,,Keep refrigerated.,
422,Yams/sweet Potatoes,,Produce,Fresh Vegetables,"Yams,sweet potatoes,potatoes,potato,yam",14,21,,,,,,,,,,
423,Kale,,Produce,Fresh Vegetables,Kale,,,,,3,5,,,240,360,,
425,Quinoa,Uncooked,"Grains, Beans & Pasta",,"Quinoa,cooked,uncooked,cook",730,1095,,,,,,,,,,
426,Quinoa,Cooked,"Grains, Beans & Pasta",,"Quinoa,cook,cooked",,,,,6,7,,,180,360,,
427,Almond Milk,,Dairy Products & Eggs,,"Almond milk,milk,almond",,,,,,,7,10,,,Keep refrigerated.,
428,Rice Milk,,Dairy Products & Eggs,,"Rice milk,rice,milk",,,,,,,7,10,,,Keep refrigerated.,
429,Coconut Milk,,Dairy Products & Eggs,,"Coconut milk,coconut,milk",,,,,,,7,10,,,Keep refrigerated.,
430,Coffee Creamer,Powdered,Dairy Products & Eggs,,"Coffee creamer,creamer,cream,coffee,powdered,powder",730,730,60,90,,,,,,,"Store in a dry, cool environment",
431,Turkey Bacon,,Poultry,Cooked or Processed,"Turkey bacon,turkey,bacon",,,,,14,14,7,7,60,120,Unopened.,
432,Fruit Cocktail,Canned,Shelf Stable Foods,,"Fruit cocktail,cocktail,fruit,canned,can",,,,,,,,,,,,
433,Black Bean Sauce,,"Condiments, Sauces & Canned Goods",,"Black bean sauce,sauce,bean,black,black bean,bean sauce",540,720,,,,,90,180,,,,
434,Oyster Sauce,,"Condiments, Sauces & Canned Goods",,"Oyster sauce,oyster,sauce",540,720,,,,,90,180,,,,
435,Hoisin Sauce,,"Condiments, Sauces & Canned Goods",,"Hoisin sauce,sauce,Hoisin",540,720,,,,,90,180,,,,
436,Pork Roll,,Meat,Smoked or Processed,"Pork roll,Pork,roll",,,,,,,7,7,,,Keep refrigerated.,
437,Almonds,Shell,Shelf Stable Foods,,"Almonds,Almond,shell",180,180,,,480,480,,,600,600,,
438,Almonds,No Shell,Shelf Stable Foods,,"Almonds,Almond,no shell,shell",120,120,,,240,240,,,300,300,,
439,Cashews,No Shell,Shelf Stable Foods,,"Cashews,Cashew,no shell,shell",14,28,,,180,180,,,360,360,,
440,Macadamias,No Shell,Shelf Stable Foods,,"Macadamias,Macadamia,no shell,shell",14,28,,,360,360,,,720,720,,
441,Peanuts,Shell,Shelf Stable Foods,,"Peanuts,Peanut,shell,nut",120,120,,,360,360,,,720,720,,
442,Peanuts,No Shell,Shelf Stable Foods,,"Peanuts,Peanut,no shell,shell,nut",28,28,,,360,360,,,720,720,,
443,Pecans,Shell,Shelf Stable Foods,,"Pecans,Pecan,shell",14,28,,,360,360,,,720,720,,
444,Pecans,No Shell,Shelf Stable Foods,,"Pecans,Pecan,no shell,shell",14,28,,,270,270,,,720,720,,
445,Pistachios,Shell Or No Shell,Shelf Stable Foods,,"Pistachios,shell,no shell,Pistachio,pista",21,21,,,360,360,,,720,720,Refrigeration of this item provides no benefit. Freezing of this item provides no benefit.,
446,Walnuts,Shell Or No Shell,Shelf Stable Foods,,"Walnuts,shell,no shell,walnut",14,28,,,270,360,,,720,720,,
447,Lime Juice,,Beverages,,"Lime juice,lime,juice",360,540,,,,,60,60,,,,
448,Lemon Juice,,Beverages,,"Lemon juice,lemon,juice",360,540,,,,,60,60,,,,
449,Bagel,Fresh Baked,Baked Goods,Bakery,"Bagel,fresh baked,baked",1,2,,,,,,,90,90,Refrigeration not recommended - bagel will quickly dry out and become stale.,
450,Bagel,Commercially Frozen,Baked Goods,Bakery,"Bagel,commercially frozen,frozen",,,,,,,,,90,90,,
451,Muffin,"Homemade - Including Bran, Blueberry, Banana, Corn, Chocolate Chip",Baked Goods,Bakery,"Muffin,homemade including bran,homemade,bran,blueberry,banana,corn,chocolate chip,including bran,chocolate,chip",3,7,,,,,,,60,90,Refrigeration not recommended - muffin will quickly dry out and become stale.,
452,Muffin,Commercially Packaged,Baked Goods,Bakery,"Muffin,commercially packaged,packaged",3,7,,,,,,,90,90,Refrigeration not recommended - muffin will quickly dry out and become stale.,
453,Muffin,"Mix, Dry, Commercially Packaged",Baked Goods,Bakery,"Muffin,mix,dry,commercially packaged,packaged,commercially,commercial",270,270,,,,,,,,,,
454,Coconut Oil,,Shelf Stable Foods,,"Coconut oil,coconut,oil",1095,1095,,,,,,,,,Refrigeration not recommended - makes it difficult to use. Freezing not recommended - makes it difficult to use.,
455,Orange Juice,Commercially Packaged Carton,Beverages,,"Orange juice,commercially packaged carton,orange,juice,commercially,packaged,carton,packaged carton,commercially packaged,commercial",,,,,,,7,10,240,360,Good for 1 week after date on package.,
456,Orange Juice,Commercially Frozen Concentrate,Beverages,,"Orange juice,commercially frozen concentrate,orange,juice,commercially,frozen,concentrate,commercially frozen,frozen concentrate",,,,,,,,,360,360,"After prepared for drinking, good for up to 1 week.",
457,Orange Juice,Freshly Squeezed,Beverages,,"Orange juice,orange,juice,freshly squeezed,squeezed,freshly,fresh,sqeeze",,,,,2,3,,,14,21,,
458,Roasted Red Peppers,Jar,Shelf Stable Foods,,"Roasted red peppers,roasted,red,peppers,jar,Roasted red,red peppers,pepper",,,,,120,180,,,,,,
459,Whole Wheat Flour,,Baked Goods,Baking and Cooking,"Whole wheat flour,Whole,wheat,flour,wheat flour,whole wheat",360,360,,,730,730,,,730,730,,
460,Whole Wheat Bread,Homemade,"Grains, Beans & Pasta",,"Whole wheat bread,Whole,wheat,bread,homemade,whole wheat,wheat bread",3,5,,,,,,,90,90,May have shorter shelf life due to lack of preservatives. Refrigeration not recommended - bread will quickly dry out and become stale.,
461,Whole Wheat Bread,Commercially Baked & Pre-sliced,"Grains, Beans & Pasta",,"Whole wheat flour,Whole,wheat,flour,wheat flour,whole wheat,commercially baked,pre sliced,sliced,slice,baked,commercially,commercial",3,5,,,,,,,90,90,Refrigeration not recommended - bread will quickly dry out and become stale.,
462,Red Wine,,Beverages,,"Red wine,red,wine",1095,1825,,,,,1,3,,,"Dark, away from direct heat or sunlight.",
463,White Wine,,Beverages,,"White wine,white,wine",365,730,,,,,1,3,,,"Dark, away from direct heat or sunlight.",
464,Dry Stuffing Mix,Commercially Packaged,Shelf Stable Foods,,"Dry stuffing mix,Dry stuffing,stuffing mix,Dry,stuffing,mix,commercially packaged,packaged,commercially,commercial,pack",270,360,,,,,,,,,Do not refrigerate.,
465,Powdered Milk,,Dairy Products & Eggs,,"Powdered milk,Powdered,milk,powder",1095,1825,90,90,,,,,,,"3 - 5 year timetable based on cool temperatures, dark storage. May spoil as quickly as 3 months in hot temperatures.",
466,Almond Butter,,Shelf Stable Foods,,"Almond butter,Almond,butter",365,365,,,,,,,,,"When stored in the pantry, almond butter may become hard and the natural oil may separate and float to the top; this is perfectly normal. To reincorporate the natural almond oils into the almond butter, simply mix it manually or with a hand mixer.",
467,Cashew Butter,,Shelf Stable Foods,,"Cashew butter,Cashew,butter",90,90,,,,,,,,,Does not need to be refrigerated.,
468,Salt,"Table, Plain, Or Iodized",Shelf Stable Foods,,"Salt,table,plain,iodized",,,,,,,,,,,,
469,Black Pepper,"Ground, Dried, Commercially Bottled Or Purchased In Bulk",Shelf Stable Foods,,"Black pepper,black,pepper,ground,dried,commercially bottled,commercially,bottled,bottle,commercial,purchased in bulk,bulk,purchased,purchase",730,730,,,,,,,,,,
470,Black Pepper,"Cracked, Dried, Commercially Bottled Or Purchased In Bulk",Shelf Stable Foods,,"Black pepper,black,pepper,crack,cracked,dried,commercially bottled,commercially,bottled,bottle,commercial,purchased in bulk,bulk,purchased,purchase",730,1095,,,,,,,,,,
471,Cajun Seasoning Blend,"Ground, Dried, Commercially Bottled Or Purchased In Bulk",Shelf Stable Foods,,"Cajun seasoning blend,Cajun,seasoning,blend,Cajun seasoning,seasoning blend,ground,dried,commercially bottled,commercially,bottled,bottle,commercial,purchased in bulk,bulk,purchased,purchase",365,730,,,,,,,,,,
472,Cinnamon,"Ground, Dried, Commercially Bottled Or Purchased In Bulk",Shelf Stable Foods,,"Cinnamon,ground,dried,commercially bottled,commercially,bottled,bottle,commercial,purchased in bulk,bulk,purchased,purchase",1095,1460,,,,,,,,,,
473,Cumin,"Ground, Dried, Commercially Bottled Or Purchased In Bulk, Opened Or Unopened",Shelf Stable Foods,,"Cumin,ground,dried,commercially bottled,commercially,bottled,bottle,commercial,purchased in bulk,bulk,purchased,purchase,opened,unopened,open,unopen",1095,1460,,,,,,,,,,
474,Garlic Powder,"Dried, Commercially Bottled Or Purchased In Bulk",Shelf Stable Foods,,"Garlic powder,garlic,powder,dried,commercially bottled,commercially,bottled,bottle,commercial,purchased in bulk,bulk,purchased,purchase",1095,1460,,,,,,,,,,
475,Onion Powder,"Dried, Commercially Bottled Or Purchased In Bulk",Shelf Stable Foods,,"Onion powder,onion,powder,dried,commercially bottled,commercially,bottled,bottle,commercial,purchased in bulk,bulk,purchased,purchase",1095,1460,,,,,,,,,,
476,Nutmeg,"Ground, Dried, Commercially Bottled Or Purchased In Bulk",Shelf Stable Foods,,"Nutmeg,ground,dried,commercially bottled,commercially,bottled,bottle,commercial,purchased in bulk,bulk,purchased,purchase",1095,1460,,,,,,,,,,
477,Nacho Cheese,Store Bought,Dairy Products & Eggs,,"Nacho cheese,nacho,cheese,store bought,store",730,730,,,,,14,14,90,90,Freezing not recommended - may negatively impact the texture.,
478,Star Fruit,,Produce,Fresh Fruits,"Star fruit,fruit,fruits",7,7,,,7,14,,,300,360,"Or until ripe. Ripe is when this item is tender, fully developed and ready to eat.",
479,Prickly Pear,,Produce,Fresh Fruits,"Prickly pear,pear,pickle",2,5,,,7,14,,,300,360,"Or until ripe. Ripe is when this item is tender, fully developed and ready to eat.",
480,Pitaya/dragon Fruit,,Produce,Fresh Fruits,"Pitaya,dragon fruit,fruit,fruits",2,5,,,14,21,,,300,360,"Or until ripe. Ripe is when this item is tender, fully developed and ready to eat.",
481,Strawberries,,Produce,Fresh Fruits,"Strawberries,strawberry",,,,,2,3,,,240,360,,
482,Raspberries,,Produce,Fresh Fruits,"Raspberries,raspberry",,,,,2,3,,,240,360,,
483,Cherries,,Produce,Fresh Fruits,"Cherries,cherry",,,,,2,3,,,240,360,,
484,Broth,Homemade,"Condiments, Sauces & Canned Goods",,"Broth,homemade",,,,,3,4,,,60,90,,
485,Beef Broth/stock/consommé,Commercially Produced,"Condiments, Sauces & Canned Goods",,"Beef broth, beef stock,beef consommé,consommé,commercially produced",,,,,7,7,3,4,60,90,Bouillon cubes will keep their best quality 1 year. The reconstituted broth lasts 3-4 days in the refrigerator.,
486,Chicken Broth/stock/consommé,Commercially Produced,"Condiments, Sauces & Canned Goods",,"Chicken broth,chicken stock,consommé,commercially produced",,,,,7,7,3,4,60,90,Bouillon cubes will keep their best quality 1 year. The reconstituted broth lasts 3-4 days in the refrigerator.,
487,Vegetable Stock/broth,Commercially Produced,"Condiments, Sauces & Canned Goods",,"Vegetable stock,Vegetable broth,broth,commercial vegetable stock,commercial vegetable broth,vegetable",,,,,7,7,3,4,60,90,Bouillon cubes will keep their best quality 1 year. The reconstituted broth lasts 3-4 days in the refrigerator.,
488,Peanut Butter,"Commercially Produced, Containing Hydrogenated Fat Or Other Stabilizers",Shelf Stable Foods,,"Peanut butter,butter,commercial peanut butter, hydrogenated fat,fat,stabilizers,stabilizer",180,270,60,90,360,360,90,120,,,,
489,Peanut Butter,Natural,Shelf Stable Foods,,"Peanut butter,butter,natural",,,,,360,360,90,120,,,"Or package use-by date, whichever comes first.",
490,Ricotta,,Dairy Products & Eggs,,Ricotta,,,,,14,14,7,7,,,,
491,Baby Carrots,,Produce,Fresh Vegetables,"Baby carrots, carrot,baby carrot",4,4,,,28,28,,,90,90,below 75 °F Blanch before freezing.,
492,Jicama,Fresh,Produce,Fresh Vegetables,"Jicama,fresh",120,120,,,14,21,,,,,"1-2 weeks if inappropriately handled. Free from moisture; chilling injury causes decay, discoloration or loss of texture may occur.",
493,Kimchi,,Produce,Fresh Vegetables,Kimchi,,,,,180,360,,,,,,
494,Kohlrabi,,Produce,Fresh Vegetables,Kohlrabi,,,,,7,7,,,240,360,,
495,Watermelon,,Produce,Fresh Fruits,Watermelon,1,2,,,3,4,,,360,360,Or until ripe.,
496,Cantaloupe,,Produce,Fresh Fruits,Cantaloupe,2,4,,,5,15,,,360,360,Or until ripe.,
497,Honeydew,,Produce,Fresh Fruits,Honeydew,2,7,,,3,4,,,360,360,,
498,Peanuts,"Boiled, Shelled","Grains, Beans & Pasta",,"Peanuts,boiled, shelled,peanut",1095,1095,,,,,7,7,,,,
499,Refried Beans,,"Grains, Beans & Pasta",,"Refried beans,refried bean",1095,1095,,,,,2,3,,,,
500,Relish,,"Condiments, Sauces & Canned Goods",,Relish,900,900,,,270,270,,,,,Freezing not recommended.,
501,Tomato Paste,,Shelf Stable Foods,,Tomato paste,810,810,,,,,5,5,60,90,,
502,Tapenade,,Shelf Stable Foods,,Tapenade,270,270,,,270,270,,,,,"Not necessary, but flavor will enhance.",
503,Flaxseed,Whole Seed,Shelf Stable Foods,,"Flaxseed,whole seed,seed",730,730,,,,,,,,,Not necessary. Nnot necessary.,
504,Flaxseed,Ground,Shelf Stable Foods,,"Flaxseed,ground",,,,,360,360,,,360,360,,
505,Lemongrass,,Produce,Fresh Vegetables,Lemongrass,,,,,7,9,,,180,180,,
506,Cilantro,,Produce,Fresh Vegetables,Cilantro,7,14,,,14,21,,,,,Freeze damage will appear.,
507,Mint,,Produce,Fresh Vegetables,Mint,7,14,,,14,21,,,,,Freeze damage will appear.,
508,Basil,Dried,Produce,Fresh Vegetables,"Basil,dried",360,360,,,,,,,,,,
509,Basil,Fresh,Produce,Fresh Vegetables,"Basil,fresh",5,5,,,10,10,,,,,Keep stems in water. Will start to discolor.,
510,Oregano,,Produce,Fresh Vegetables,Oregano,7,14,,,14,21,,,,,Freeze damage will appear.,
511,Rosemary,,Produce,Fresh Vegetables,Rosemary,7,14,,,14,21,,,,,Freeze damage will appear.,
512,Chives,,Produce,Fresh Vegetables,Chives,7,14,,,14,21,,,,,Freeze damage will appear.,
513,Thyme,,Produce,Fresh Vegetables,Thyme,7,14,,,14,21,,,,,,
514,Turkey,"Pre-packaged, Luncheon/deli Meat",Deli & Prepared Foods,,"Turkey,pre-packaged,luncheon/deli meat,packaged,luncheon,deli",,,,,14,14,3,5,30,60,Freezing not recommended.,
515,Ham,"Pre-packaged, Luncheon/deli Meat",Deli & Prepared Foods,,"Ham,pre-packaged,luncheon/deli meat,packaged,luncheon,deli",,,,,14,14,3,5,30,60,Freezing not recommended.,
516,Salami,"Pre-packaged, Luncheon/deli Meat",Deli & Prepared Foods,,"Salami,pre-packaged,luncheon meat,deli meat,packaged,luncheon/deli,pre",,,,,14,14,3,5,30,60,Freezing not recommended.,
517,Chicken,"Pre-packaged, Luncheon/deli Meat",Deli & Prepared Foods,,"Chicken,pre-packaged,luncheon meat,deli meat,packaged",,,,,14,14,3,5,30,60,Freezing not recommended.,
518,Canadian Bacon,Whole,Deli & Prepared Foods,,"Canadian bacon,bacon,whole",,,,,14,14,,,60,60,,
519,Canadian Bacon,Sliced,Deli & Prepared Foods,,"Canadian bacon,bacon,sliced",,,,,80,80,,,360,360,,
520,Canola Oil,,Shelf Stable Foods,,"Canola oil,canola",365,365,,,,,,,,,,
521,Almond Oil,,Shelf Stable Foods,,"Almond oil,almond",365,365,,,730,730,,,,,,
522,Sunflower Oil,,Shelf Stable Foods,,"Sunflower oil,oil,sunflower",365,365,,,,,,,,,,
523,Grapeseed Oil,,Shelf Stable Foods,,"Grapeseed oil,grapeseed,oil",365,365,,,,,,,,,,
524,Duck Fat,,"Condiments, Sauces & Canned Goods",,"Duck fat,duck",,,,,30,30,,,,,,
525,Bacon Grease,,"Condiments, Sauces & Canned Goods",,"Bacon grease,bacon,grease",,,,,180,180,,,360,360,,
526,Frying Oil,Re-used,"Condiments, Sauces & Canned Goods",,"Frying oil,re-used oil,oil",,,,,30,30,,,180,270,,
527,Almond Extract,,Baked Goods,Baking and Cooking,Almond extract,730,730,360,360,,,,,,,,
528,Cinnamon Extract,,Baked Goods,Baking and Cooking,Cinnamon extract,730,730,360,360,,,,,,,,
529,Lemon Extract,,Baked Goods,Baking and Cooking,"Lemon extract,lemon",730,730,360,360,,,,,,,,
530,Pure Vanilla Extract,,Baked Goods,Baking and Cooking,"vanilla,vanila extract",730,730,360,360,,,,,,,,
531,Butter Flavor,,Baked Goods,Baking and Cooking,"Butter flavor,butter",730,730,360,360,,,,,,,,
532,Coconut Flavor,,Baked Goods,Baking and Cooking,"Coconut flavor,coconut",730,730,360,360,,,,,,,,
533,"""genuine"" Maple Syrup","Unopened, Glass",Shelf Stable Foods,,"Genuine Maple syrup,syrup,unopened, glass",1460,1460,,,,,,,,,,
534,"""genuine"" Maple Syrup","Unopened, Plastic",Shelf Stable Foods,,"Genuine Maple syrup,syrup,unopened, plastic",730,730,,,540,720,,,,,,
536,Lemon Juice,Fresh Squeezed,Beverages,,"Lemon juice,juice,fresh squeezed,squeezed,juices",,,,,6,6,,,360,360,,
537,Apple Juice,Fresh Squeezed,Beverages,,"Apple juice,juice,fresh squeezed,squeezed,juices,apple",,,,,6,6,,,360,360,,
538,Carrot Juice,Fresh Squeezed,Beverages,,"Carrot juice,juice,fresh squeezed,squeezed,juices",,,,,6,6,,,360,360,,
539,Hard Liquors,,Beverages,,"Hard liquors,liquor",,,,,,,,,,,,
540,Cream Liquors,Unopened,Beverages,,"Cream liquors,liquors,unopened,liquor",180,240,,,,,,,,,,
541,Coffee,"Commercial Ground, Non-vacuum",Beverages,,"Coffee,commercial ground, non-vacuum",730,730,14,14,,,30,30,180,360,Critical to be stored in an airtight container. Do not return to freezer once taken out.,
542,Macaroons,French,Baked Goods,Bakery,"Macaroons,Macaroon,french",1,2,,,,,,,90,90,Store in refrigerator if not eaten right away.,
543,Milk,Lactose-free,Dairy Products & Eggs,,"Milk,lactose,lactose-free",,,,,,,7,7,,,,
544,String Cheese,,Dairy Products & Eggs,,"String Cheese,cheese",,,,,150,150,,,,,,
545,Vegan Cheddar Cheese,,Dairy Products & Eggs,,"Vegan Cheddar Cheese,cheese,cheddar",,,,,120,120,3,7,,,,
546,Quark,Fresh Cheese,Dairy Products & Eggs,,"Quark,fresh cheese,cheese",,,,,7,10,,,,,,
547,Zucchini,"Fresh, Whole",Produce,Fresh Vegetables,"Zucchini,fresh, whole",,,,,7,7,,,300,300,,
548,Hot Peppers,,Produce,Fresh Vegetables,"Hot peppers,pepper",,,,,7,7,,,270,270,Fresh whole peppers will last longer if kept dry. Peppers lose their crispness when frozen and thawed.,
549,Bean Sprouts,,Produce,Fresh Vegetables,"Bean sprouts,bean,sprouts",,,,,5,10,,,,,,
550,Swiss Chard,,Produce,Fresh Vegetables,"Swiss chard,chard",,,,,7,14,,,,,Keep them in a plastic bag to retain moisture.,
551,Puff Pastry,,Baked Goods,Refrigerated Dough,"Puff pastry,pastry,pastries,puff",,,,,,,,,360,360,,
552,Biscuits,Refrigerated,Baked Goods,Refrigerated Dough,"Biscuits,Biscuits,refrigerated",,,,,,,,,,,,
553,Tortillas,Corn,"Grains, Beans & Pasta",,"Tortillas,corn",25,45,,,60,90,,,,,,
554,Pie Crust,Refrigerated,Baked Goods,Refrigerated Dough,"Pie crust,crust,refrigerated,pie",,,,,,,,,60,60,,
555,Granola,,Shelf Stable Foods,,Granola,180,270,,,,,,,,,,
556,Pork Rinds,,Shelf Stable Foods,,"Pork rinds,pork,rinds",120,120,,,,,,,,,From date of manufacturer.,
557,Apple Cider Vinegar,,"Condiments, Sauces & Canned Goods",,"Apple cider vinegar,Apple cider, vinegar,cider,apple",,,,,,,,,,,,
558,Nutrition Supplement Drinks,Canned,Beverages,,"Nutrition supplement drinks,drinks,canned,supplement,Boost,Ensure",730,1825,,,,,2,2,,,,
559,Hot Sauce,,"Condiments, Sauces & Canned Goods",,"Hot sauce,sauce",180,180,,,,,,,,,Will stay fresher longer if refrigerated.,
560,Thai Red Curry Paste,,"Condiments, Sauces & Canned Goods",,"Thai red curry paste,red curry paste,curry paste,paste,curry",730,730,,,,,5,5,,,,
561,Yeast,Packaged,Baked Goods,Baking and Cooking,"Yeast,packaged",730,730,,,,,120,120,180,180,"Store in cool, dry place. Must be refrigerated or frozen once opened.",
562,Applesauce,Homemade,Produce,Fresh Fruits,"Applesauce,homemade",,,,,21,21,,,240,360,,
563,Pate,Meat,Meat,Smoked or Processed,"Pate,meat",,,,,7,7,,,,,Left over pâtés should be wrapped in plastic film.,
564,Pate,Poultry,Poultry,Cooked or Processed,"Pate,poultry",,,,,7,7,,,,,Left over pâtés should be wrapped in plastic film.,
565,Cranberry Sauce,Canned,"Condiments, Sauces & Canned Goods",,"Cranberry sauce,sauce,canned",730,730,,,,,7,14,,,"It is not recommend freezing cranberry sauce, as after thawing, it may become too watery.",
566,Cranberry Sauce,Homemade,"Condiments, Sauces & Canned Goods",,"Cranberry sauce,sauce,homemade",,,,,7,10,,,,,"It is not recommend freezing cranberry sauce, as after thawing, it may become too watery.",
567,Vegetable Juice,Shelf-stable,Beverages,,"Vegetable juice,stable,shelf,shelf-stable",540,540,,,,,,,,,,
568,Vegetable Juice,"Commercial, Sold Refrigerated",Beverages,,"Vegetable juice,commercial,refrigerated,vegetable",,,,,,,,,,,fridge: use_package_date,fridge: use_package_date
569,Vegetable Juice,Homemade,Beverages,,"Vegetable juice,juices,homemade,vegetable",,,,,,,3,5,,,,
570,Marinated Vegetables,In Oil,Produce,Fresh Vegetables,"Marinated vegetables,vegetables,oil,vegetable",,,,,3,4,,,,,,
571,Pizza,Frozen,Food Purchased Frozen,,"Pizza,frozen",,,,,3,4,,,360,360,"Recommendation is for storage after cooking. Keep frozen. For safety, cook as directed.",
572,Salsa,Fresh,Deli & Prepared Foods,,"Salsa,fresh",,,,,4,7,,,,,,
573,Chia Seeds,,Shelf Stable Foods,,"Chia seeds,chia,seed,seeds",540,540,,,,,,,,,,
574,Bread,Homemade,Baked Goods,Bakery,"Bread,Breads,homemade",3,5,,,60,90,,,,,May have shorter shelf life due to lack of preservatives.,
575,Amaranth,Whole Grain,"Grains, Beans & Pasta",,"Amaranth,whole grain,grain",120,120,,,,,,,240,240,,
576,Amaranth,"Flour, Meal",Baked Goods,Baking and Cooking,"Amaranth,flour,meal",60,60,,,,,,,120,120,,
577,Barley,Whole Grain,"Grains, Beans & Pasta",,"Barley,whole grain,grain",180,180,,,,,,,360,360,,
578,Barley,"Flour, Meal",Baked Goods,Baking and Cooking,"Barley,flour, meal",90,90,,,,,,,180,180,,
579,Buckwheat,Whole Grain,"Grains, Beans & Pasta",,"Buckwheat,whole grain,grain",60,60,,,,,,,120,120,,
580,Buckwheat,"Flour, Meal",Baked Goods,Baking and Cooking,"Buckwheat,flour, meal,meal",30,30,,,,,,,60,60,,
581,Farro,Whole Grain,"Grains, Beans & Pasta",,"Farro,whole grain,grain",180,180,,,,,,,360,360,Benefits from being stored in airtight containers and out of direct light.,
582,Farro,"Flour, Meal",Baked Goods,Baking and Cooking,"Farro,flour, meal",90,90,,,,,,,180,180,,
583,Millet,Whole Grain,"Grains, Beans & Pasta",,"Millet,whole grain,grain",60,60,,,,,,,120,120,,
584,Millet,"Flour, Meal",Baked Goods,Baking and Cooking,"Millet,flour, meal",30,30,,,,,,,60,60,,
585,Oats,Whole Grain,"Grains, Beans & Pasta",,"Oat,Oats,whole grain,grain",120,120,,,,,,,240,240,,
586,Oats,"Flour, Meal",Baked Goods,Baking and Cooking,"Oats,Oat,flour, meal",60,60,,,,,,,120,120,,
587,Rye,Whole Grain,"Grains, Beans & Pasta",,"Rye,whole grain,grain",180,180,,,,,,,360,360,,
588,Rye,"Flour, Meal",Baked Goods,Baking and Cooking,"Rye,flour, meal",90,90,,,,,,,180,180,,
589,Sorghum,Whole Grain,"Grains, Beans & Pasta",,"Sorghum,whole grain,grain",120,120,,,,,,,240,240,,
590,Sorghum,"Flour, Meal",Baked Goods,Baking and Cooking,"Sorghum,flour, meal",60,60,,,,,,,120,120,,
591,Spelt,Whole Grain,"Grains, Beans & Pasta",,"Spelt,whole grain,grain",180,180,,,,,,,360,360,,
592,Spelt,"Flour, Meal",Baked Goods,Baking and Cooking,"Spelt,flour, meal",90,90,,,,,,,180,180,,
593,Teff,Whole Grain,"Grains, Beans & Pasta",,"Teff,whole grain,grain",120,120,,,,,,,240,240,,
594,Teff,"Flour, Meal",Baked Goods,Baking and Cooking,"Teff,flour, meal",60,60,,,,,,,120,120,,
595,Rabbit,"Whole, Fresh",Meat,Fresh,"Rabbit,whole, fresh",,,,,2,2,,,270,270,,
596,Spaghetti Squash,Whole,Produce,Fresh Vegetables,"Spaghetti squash,squash,whole",60,60,,,7,14,,,,,Storage temperatures below 50 degrees (as in a refrigerator) will cause the squash to spoil more rapidly.,
597,Spaghetti Squash,Cut,Produce,Fresh Vegetables,"Spaghetti squash,squash,cut",,,,,4,5,,,,,,
598,Garam Masala,,Baked Goods,Baking and Cooking,Garam masala,365,365,,,,,,,,,,
599,Tomato Sauce,"Spaghetti, Pizza","Condiments, Sauces & Canned Goods",,"Tomato sauce,sauce,spaghetti, pizza",,,,,,,3,5,,,Refrigerating unopened jars will NOT lengthen shelf life.,
600,Cherry Tomatoes,,Produce,Fresh Vegetables,"Cherry, tomatoes,tomato",10,10,,,5,5,,,,,,
601,Coconut Cream,Canned,Shelf Stable Foods,,"coconut cream,coconut,cream,canned,can",730,1825,,,,,4,4,90,90,,
602,Coconut Milk,Canned,Shelf Stable Foods,,"coconut milk,coconut,milk,canned,can",730,1825,,,,,4,4,90,90,,
603,Coleslaw,"Homemade, Prepared",Deli & Prepared Foods,,"coleslaw,homemade,homemade coleslaw,prepared,prepared coleslaw",,,,,3,5,,,,,,
604,Pumpkin Seeds,"Raw, No Shell",Shelf Stable Foods,,"pumpkin,pumpkin seed,pumpkin seeds,seed,seeds",180,180,,,180,180,,,,,,
605,Pumpkin Seeds,"Raw, In-shell",Shelf Stable Foods,,"pumpkin,pumpkin seed,pumpkin seeds,seed,seeds",180,180,,,,,,,,,,
606,Pumpkin Seeds,"Roasted, No-shell",Shelf Stable Foods,,"pumpkin,pumpkin seed,pumpkin seeds,seed,seeds",180,180,,,,,,,,,Refrigeration not necessary for unsalted pumpkin seeds.,
607,Pumpkin Seeds,"Roasted, In-shell",Shelf Stable Foods,,"pumpkin,pumpkin seed,pumpkin seeds,seed,seeds",180,180,,,,,,,,,,
608,Sunflower Seeds,"Raw, Unsalted, No Shell",Shelf Stable Foods,,"sunflower,sunflower seed,sunflower seeds,seed,seeds",360,360,,,,,,,,,,
609,Sunflower Seeds,"Roasted, No Shell",Shelf Stable Foods,,"sunflower,sunflower seed,sunflower seeds,seed,seeds,kernal,shell",360,360,90,120,,,210,240,,,The (roasted) seeds will become rancid if stored at room temperature for long periods of time.,
610,Sunflower Seeds,"Roasted, Salted, In Shell",Shelf Stable Foods,,"sunflower,sunflower seed,sunflower seeds,seed,seeds",,,,,,,,,,,The (roasted) seeds will become rancid if stored at room temperature for long periods of time.,
611,Parsley,Fresh,Produce,Fresh Vegetables,parsley,,,,,2,3,,,90,120,,
612,Sesame Oil,,Shelf Stable Foods,,"sesame oil,sesame,oil",730,730,180,180,,,,,,,,
613,Sesame Seeds,,Shelf Stable Foods,,"sesame seeds,sesame,seeds,seed",1825,1825,,,,,,,,,,
614,Capers,In Jar,Shelf Stable Foods,,"capers,caper,jar capers,in jar,jar",,,,,,,,,,,,
615,Chocolate Hazlenut Spread,,Shelf Stable Foods,,"hazelnut spread, spread, hazelnut, chocolate spread, chocolate,Nutella,cocoa,cocoa spread",,,,,,,,,,,"For best quality, do not refrigerate or microwave.",
616,"Roasted Nuts (peanuts, Cashews, Almonds)",,Shelf Stable Foods,,"roasted nuts,roasted,nuts,roasted peanuts,roasted almonds,roasted cashews,almonds,cashews,peanuts",,,7,14,,,28,28,,,,
617,Tuna,Packet,Shelf Stable Foods,,"tuna packet,tuna,packet,retort,retort packaging",540,540,,,,,3,4,,,,
618,Tuna,Canned,Shelf Stable Foods,,"canned tuna,tuna,canned",1095,1095,,,,,,,,,,
619,Seafood,Canned,Shelf Stable Foods,,"canned seafood,seafood,canned",365,365,,,,,1,2,,,,
620,Pimento Cheese,Packaged,Dairy Products & Eggs,,"pimento cheese,pimento,cheese",,,,,,,28,28,,,,
621,Bison,Whole,Meat,Fresh,"bison whole,bison,whole",,,,,3,5,,,180,270,,
622,Bison,Ground,Meat,Fresh,"ground bison,bison,ground",,,,,1,2,,,90,120,,
623,Salad Dressing,Creamy,"Condiments, Sauces & Canned Goods",,"creamy salad dressing,salad,dressing,salad dressing,creamy",180,180,,,,,21,28,,,Freezing not recommended.,
624,Salad Dressing,"Vinaigrette,homemade","Condiments, Sauces & Canned Goods",,"salad dressing,vinaigrette,salad,dressing,homemade",,,,,14,21,,,,,,
625,Salad Dressing,Vinaigrette,"Condiments, Sauces & Canned Goods",,"salad dressing,vinaigrette,salad,dressing",180,180,,,,,28,28,,,Freezing not recommended.,
626,Salad Dressing,"Dry,packaged","Condiments, Sauces & Canned Goods",,"salad dressing,salad,dressing,dry,packaged,package,powdered,powder",,,,,,,28,28,,,Freezing not recommended.,
627,Grits,Boxed,Shelf Stable Foods,,"boxed grits,grits,boxed,box",360,360,,,,,,,,,,
628,Cheese Curds,"Fresh, Unaged",Dairy Products & Eggs,,"cheese curd,cheese,curd,curds,cheese curds",,,,,14,14,,,120,120,,
629,Vegetable Soup,Homemade,Deli & Prepared Foods,,"vegetable soup,vegetable,soup",,,,,3,4,,,90,90,,
630,Chorizo,Fresh,Meat,Fresh,"fresh chorizo,chorizo",,,,,1,2,,,30,60,,
631,Chorizo,"Smoked And Processed, Uncooked",Meat,Smoked or Processed,"smoked chorizo,chorizo,processed chorizo,smoked,processed,uncooked,uncooked processed chorizo,uncooked smoked chorizo",,,,,7,7,,,30,60,,
632,Chorizo,"Smoked And Processed, Cooked",Meat,Smoked or Processed,"smoked chorizo,chorizo,processed chorizo,smoked,processed,cooked,cooked processed chorizo,cooked smoked chorizo",365,365,,,,,30,30,180,180,,
633,Beets,Pickled,Shelf Stable Foods,,"pickled beets,beets,pickled",365,365,,,,,30,60,,,Refrigerate after opening.,
634,Cinnamon Rolls,"Unbaked, Tube",Baked Goods,Refrigerated Dough,"cinnamon rolls,cinnamon roll,cinnamon,roll,rolls",,,,,,,,,,,,
635,Cinnamon Rolls,Baked,Baked Goods,Baking and Cooking,"cinnamon rolls,cinnamon roll,cinnamon,roll,rolls",1,3,,,,,,,90,90,,
636,Cooking Wine,,"Condiments, Sauces & Canned Goods",,"cooking wine,wine,cooking",,,,,,,,,,,,
637,Bulgur,,"Grains, Beans & Pasta",,bulgur,180,360,,,,,,,,,,
638,Bratwurst,Fresh,Meat,Fresh,"fresh brautwurst,brautwurst,fresh",,,,,2,3,,,60,90,,
639,Bratwurst,Smoked And Processed,Meat,Smoked or Processed,"smoked brautwurst,processed brautwurst,bratwurst,smoked,processed",,,,,5,7,,,60,90,,
640,Edamame,Fresh,Produce,Fresh Vegetables,"edamame,fresh,fresh edamame,soybeans,soybean",,,,,4,5,,,,,,
641,Edamame,Frozen,Food Purchased Frozen,,"edamame,frozen,frozen edamame,soybean,soybeans",,,,,,,,,730,730,,
642,Edamame,"Salted, Dry Roasted, Out Of Pod",Shelf Stable Foods,,"edamame,soybean,soybeans,salted,roasted,dry roasted",360,360,,,180,180,,,,,,
643,Breadcrumbs,Commercial,Shelf Stable Foods,,"breadcrumbs,breadcrumb",180,180,,,,,,,,,,
644,Milk,Shelf-stable,Shelf Stable Foods,,"shelf stable milk,milk,shelf,stable,UHT,ultrapasteurized,aseptic packaging",180,360,,,,,5,7,,,,
645,Salsa,"Homemade, Fresh",Deli & Prepared Foods,,"homemade salsa,homemade,salsa",,,,,5,7,,,360,360,,
646,Salsa,"Homemade, Canned","Condiments, Sauces & Canned Goods",,"homemade salsa,homemade,salsa",270,360,,,,,,,,,,
647,Tomato Sauce,"Homemade, Canned","Condiments, Sauces & Canned Goods",,"homemade tomato sauce,homemade sauce,homemade spaghetti sauce,spaghetti sauce,tomato sauce,homemade",270,360,,,,,,,,,,
648,Barbecue Sauce,"Homemade, Canned","Condiments, Sauces & Canned Goods",,"homemade barbecue sauce,homemade sauce,homemade BBQ sauce,BBQ sauce,barbecue sauce",270,360,,,,,,,,,,
649,Ghee,,Dairy Products & Eggs,,"ghee,clarified butter,clarified,butter",180,240,,,365,730,,,,,,
650,Corn Syrup,,Shelf Stable Foods,,"corn syrup,corn,syrup",1095,1095,,,,,,,,,Keep tightly covered; refrigerate to extend storage life.,
651,Nutrition Supplement Drinks,Bottled,Shelf Stable Foods,,"Nutrition supplement drinks,drinks,bottled,supplement",,,,,,,,,,,,
652,Instant Breakfast Drinks,Bottled,Shelf Stable Foods,,"instant breakfast drinks,instant,breakfast,drinks,instant breakfast,instant drink,carnation,bottled instant breakfast drink,bottled instant breakfast,bottled breakfast",180,180,,,,,,,,,,
653,Pine Nuts,,Shelf Stable Foods,,"pine nuts,pine nut,pine,nut,nuts",14,21,,,90,90,,,270,270,Store in a plastic bag within an airtight container.,
654,Coconut Flour,,Baked Goods,Baking and Cooking,"coconut flour,coconut,flour",,,,,270,360,,,270,360,Store in an airtight container.,
655,Pecans,Chopped,Shelf Stable Foods,,"chopped pecans,pecan,pecans,chopped",,,,,360,360,,,730,730,,
656,Polenta,Shelf-stable,Shelf Stable Foods,,"polenta,shelf stable,shelf stable polenta",,,,,,,5,7,,,,
657,Polenta,Frozen,Food Purchased Frozen,,"polenta,frozen,frozen polenta",,,,,,,,,360,360,,
658,Cereal Or Granola Bars,,Shelf Stable Foods,,"bars,bar,granola bars,granola bar,granola,cereal bars,cereal bar,nutrition bars,nutrition bar,energy bars,energy bar,health bars,health bar,fruit bars,fruit bar,snack bars,snack barsnack,,nut bars,nut bar,seed bars,seed bar,crunchy bars,crunchy bar,breakfast,breakfast bar,breakfast bars",180,360,,,,,,,,,,
659,Milk,Ultra-pasteurized,Shelf Stable Foods,,"ultra pasteurized milk,milk,pasteurized,ultra",,,,,30,90,7,10,,,,
660,Coconut Water,,Beverages,,"coconut water,coconut,water",360,360,,,,,1,2,,,,
661,Celery Root,,Produce,Fresh Vegetables,"celeriac,celery root,celery",,,,,7,7,,,,,,
662,Apple Cider,Fresh,Beverages,,"apple cider,apple,cider",2,3,,,14,21,,,,,,
663,Yuzu Juice,,Beverages,,"yuzu juice,yuzu,juice",120,180,,,270,360,90,120,365,730,,
664,Yuzu,"Fruit, Fresh",Beverages,,"yuzu,yuzu fruit",,,,,5,7,,,,,"Store fresh yuzu wrapped in plastic in your refrigerator. For long term storage of leftovers, freeze the juice and zest.",
665,Pastrami,,Meat,Smoked or Processed,pastrami,,,,,40,40,,,,,,
666,Kugel,Commercial,Food Purchased Frozen,,"kugel,commercial,commercial kugel",,,,,,,,,365,365,,
667,Kugel,Homemade,Deli & Prepared Foods,,"kugel,homemade,homemade kugel",,,,,3,4,,,30,30,,
668,Avocado Oil,,Shelf Stable Foods,,"avodaco oil,avocado,oil",730,730,180,180,,,,,,,,
669,Balsamic Vinegar,,"Condiments, Sauces & Canned Goods",,"balsamic vinegar,balsamic,vinegar",1095,1825,,,,,540,540,,,,
670,Aioli,Homemade,"Condiments, Sauces & Canned Goods",,"garlic aioli,aioli,garlic,mayonnaise,mayo,garlic mayo,garlic mayonnaise,mayo",,,,,3,4,,,,,,
671,Salad Dressing,Homemade,"Condiments, Sauces & Canned Goods",,"homemade salad dressing,homemade,salad dressing,salad,dressing",,,,,,,14,14,,,,
672,Base,"Beef, Vegetable",Shelf Stable Foods,,"beef base,vegetable base,base,beef,vegetable",,,,,,,,,,,Refrigerate after opening.,
673,Anchovies,Canned,"Condiments, Sauces & Canned Goods",,"anchovies,anchovy,canned anchovies",1825,1825,,,,,3,4,60,60,Remove from can before freezing.,
674,Radicchio,,Produce,Fresh Vegetables,radicchio,,,,,14,21,,,,,,
675,Prosciutto,,Meat,Smoked or Processed,prosciutto,,,,,60,90,,,30,30,,
676,Ham,"Uncured, Fresh, Cooked",Meat,Smoked or Processed,"ham,uncured,fresh,cooked,uncured ham,fully cooked,fully cooked uncured ham",,,,,3,4,,,90,120,,
677,Ham,"Uncured, Fresh, Uncooked",Meat,Fresh,"ham,uncured,fresh,uncooked,uncured ham,uncured ham uncooked",,,,,3,5,,,180,180,,
678,Arugula,,Produce,Fresh Vegetables,"arugula,greens,salad greens,salad",,,,,3,7,,,,,,
679,Mung Bean,Sprouts,"Grains, Beans & Pasta",,"sprouted mung beans,sprouted mung bean,sprout,mung beans,mung bean,mung,bean,mungbean,sprouts",,,,,28,42,,,,,Never refrigerate wet sprouts. Transfer to a plastic bag or use a glass or plastic container.,
680,Mung Bean,"Dry, Food-grade Bags","Grains, Beans & Pasta",,"mung beans,mung bean,mung,bean,dry mung beans,dry,bag,bagged mung beans",365,365,,,365,365,,,365,365,Keep the beans in an airtight container as it’s imperative that they remain dry.,
681,Mung Bean,"Dry, Vacuum-sealed","Grains, Beans & Pasta",,"mung beans,mung bean,mung,bean,dry mung beans,dry,vacuum sealed,vacuum sealed mung beans",2920,3650,,,,,,,,,,
682,Croutons,,Shelf Stable Foods,,"croutons,crouton,bread",150,180,,,150,180,,,330,360,,
683,Bacon,Uncured,Meat,Smoked or Processed,"uncured bacon,nitrite-free bacon,natural bacon,uncured,nitrite-free,nitrite,natural,bacon",,,,,4,7,,,21,28,,
684,Mustard,"Dried, Ground",Shelf Stable Foods,,"mustard,dried mustard,ground mustard,dried ground mustard",180,180,,,,,,,365,730,,
